-- ESTADO
insert into estado (nome, sigla) values ('Acre', 'AC'),
										('Alagoas', 'AL'),
										('Amapá', 'AP'),
										('Amazonas', 'AM'),
										('Bahia', 'BA'),
										('Ceará', 'CE'),
										('Distrito Federal', 'DF'),
										('Espírito Santo', 'ES'),
										('Goiás', 'GO'),
										('Maranhão', 'MA'),
										('Mato Grosso', 'MT'),
										('Mato Grosso do Sul', 'MS'),
										('Minas Gerais', 'MG'),
										('Pará', 'PA'),
										('Paraíba', 'PB'),
										('Paraná', 'PR'),
										('Pernambuco', 'PE'),
										('Piauí', 'PI'),
										('Rio de Janeiro', 'RJ'),
										('Rio Grande do Norte', 'RN'),
										('Rio Grande do Sul', 'RS'),
										('Rondônia', 'RO'),
										('Roraima', 'RR'),
										('Santa Catarina', 'SC'),
										('São Paulo', 'SP'),
										('Sergipe', 'SE'),
										('Tocantins', 'TO');

-- SIGNO
insert into signo (nome_signo) values ('Áries'),
									  ('Touro'),
									  ('Gêmeos'),
									  ('Câncer'),
									  ('Leão'),
									  ('Virgem'),
									  ('Libra'),
									  ('Escorpião'),
									  ('Sagitário'),
									  ('Capricórnio'),
									  ('Aquário'),
									  ('Peixes');

-- ERA
insert into era (nome_era) values ('Taylor Swift'),
								  ('Fearless'),
								  ('Speak Now'),
								  ('Red'),
								  ('1989'),
								  ('reputation'),
								  ('Lover'),
								  ('folklore'),
								  ('evermore'),
								  ('Midnights'),
								  ('The Tortured Poets Department');

-- ALBUM
insert into album (nome_album) values ('Taylor Swift'),
									  ('Fearless'),
									  ('Speak Now'),
									  ('Red'),
									  ('1989'),
									  ('reputation'),
									  ('Lover'),
									  ('folklore'),
									  ('evermore'),
									  ('Midnights'),
									  ('The Tortured Poets Department');

-- AVATAR
insert into avatar (nome_avatar) values ('Meredith Grey'),
									 ('Olivia Benson'),
									 ('Benjamin Button'),
									 ('Travis Kelce'),
									 ('Andrea Swift'),
									 ('Scott Kingsley Swift'),
									 ('Austin Swift'),
									 ('Selena Gomez'),
									 ('Jack Antonoff'),
									 ('Aaron Dessner'),
									 ('Corcunda'),
									 ('Cobra'),
									 ('Becky');

-- MUSICA
INSERT INTO musica (nome, duracao_musica) VALUES('Tim McGraw', 3.54),
												('Picture to Burn', 2.97),
												('Teardrops on My Guitar', 3.55),
												('A Place in This World', 3.32),
												('Cold as You', 4.01),
												('The Outside', 3.30),
												('Tied Together with a Smile', 4.11),
												('Stay Beautiful', 3.98),
												('Should\'ve Said No', 4.07),
												('Mary\'s Song (Oh My My My)', 3.60),
												('Our Song', 3.33),
												('I\'m Only Me When I\'m With You', 3.35),
												('Invisible', 3.10),
												('A Perfectly Good Heart', 3.42),
												('Teardrops on My Guitar (Pop Version)', 2.58),
												('Fearless (Taylor\'s Version)', 4.01),
												('Fifteen (Taylor\'s Version)', 4.54),
												('Love Story (Taylor\'s Version)', 3.55),
												('Hey Stephen (Taylor\'s Version)', 4.14),
												('White Horse (Taylor\'s Version)', 3.54),
												('You Belong With Me (Taylor\'s Version)', 3.51),
												('Breathe (feat. Colbie Caillat) (Taylor\'s Version)', 4.23),
												('Tell Me Why (Taylor\'s Version)', 3.20),
												('You\'re Not Sorry (Taylor\'s Version)', 4.21),
												('The Way I Loved You (Taylor\'s Version)', 4.04),
												('Forever & Always (Taylor\'s Version)', 3.45),
												('The Best Day (Taylor\'s Version)', 4.05),
												('Change (Taylor\'s Version)', 4.40),
												('Jump Then Fall (Taylor\'s Version) (From The Vault)', 3.56),
												('Untouchable (Taylor\'s Version) (From The Vault)', 5.29),
												('Forever & Always (Piano Version) (Taylor\'s Version) (From The Vault)', 4.27),
												('Come in with the Rain (Taylor\'s Version) (From The Vault)', 3.58),
												('Superstar (Taylor\'s Version) (From The Vault)', 4.21),
												('The Other Side of the Door (Taylor\'s Version) (From The Vault)', 3.97),
												('Mine (Taylor\'s Version)', 3.55),
												('Sparks Fly (Taylor\'s Version)', 4.22),
												('Back to December (Taylor\'s Version)', 4.55),
												('Speak Now (Taylor\'s Version)', 4.02),
												('Dear John (Taylor\'s Version)', 6.43),
												('Mean (Taylor\'s Version)', 3.57),
												('The Story of Us (Taylor\'s Version)', 4.27),
												('Never Grow Up (Taylor\'s Version)', 4.52),
												('Enchanted (Taylor\'s Version)', 5.52),
												('Better Than Revenge (Taylor\'s Version)', 3.40),
												('Innocent (Taylor\'s Version)', 5.02),
												('Haunted (Taylor\'s Version)', 4.02),
												('Last Kiss (Taylor\'s Version)', 6.07),
												('Long Live (Taylor\'s Version)', 5.17),
												('Ours (Taylor\'s Version) (From The Vault)', 3.55),
												('If This Was a Movie (Taylor\'s Version) (From The Vault)', 3.54),
												('Superman (Taylor\'s Version) (From The Vault)', 4.36),
												('Electric Touch (feat. Fall Out Boy) (Taylor\'s Version) (From The Vault)', 4.26),
												('When Emma Falls in Love (Taylor\'s Version) (From The Vault)', 4.12),
												('I Can See You (Taylor\'s Version) (From The Vault)', 4.33),
												('Castles Crumbling (feat. Hayley Williams) (Taylor\'s Version) (From The Vault)', 5.06),
												('Foolish One (Taylor\'s Version) (From The Vault)', 5.11),
												('Timeless (Taylor\'s Version) (From The Vault)', 5.21),
												('State of Grace (Taylor\'s Version)', 4.55),
												('Red (Taylor\'s Version)', 3.43),
												('Treacherous (Taylor\'s Version)', 4.02),
												('I Knew You Were Trouble. (Taylor\'s Version)', 3.39),
												('All Too Well (Taylor\'s Version)', 5.29),
												('22 (Taylor\'s Version)', 3.52),
												('I Almost Do (Taylor\'s Version)', 4.04),
												('We Are Never Ever Getting Back Together (Taylor\'s Version)', 3.13),
												('Stay Stay Stay (Taylor\'s Version)', 3.25),
												('The Last Time (feat. Gary Lightbody) (Taylor\'s Version)', 4.59),
												('Holy Ground (Taylor\'s Version)', 3.22),
												('Sad Beautiful Tragic (Taylor\'s Version)', 4.44),
												('The Lucky One (Taylor\'s Version)', 4.00),
												('Everything Has Changed (feat. Ed Sheeran) (Taylor\'s Version)', 4.05),
												('Starlight (Taylor\'s Version)', 3.40),
												('Begin Again (Taylor\'s Version)', 3.57),
												('The Moment I Knew (Taylor\'s Version) (From The Vault)', 4.46),
												('Come Back... Be Here (Taylor\'s Version) (From The Vault)', 3.43),
												('Girl at Home (Taylor\'s Version) (From The Vault)', 3.40),
												('State of Grace (Acoustic Version) (Taylor\'s Version) (From The Vault)', 5.22),
												('Ronan (Taylor\'s Version) (From The Vault)', 4.24),
												('Better Man (Taylor\'s Version) (From The Vault)', 4.57),
												('Nothing New (feat. Phoebe Bridgers) (Taylor\'s Version) (From The Vault)', 4.18),
												('Babe (Taylor\'s Version) (From The Vault)', 3.44),
												('Message In A Bottle (Taylor\'s Version) (From The Vault)', 3.45),
												('I Bet You Think About Me (feat. Chris Stapleton) (Taylor\'s Version) (From The Vault)', 4.45),
												('Forever Winter (Taylor\'s Version) (From The Vault)', 3.48),
												('Run (feat. Ed Sheeran) (Taylor\'s Version) (From The Vault)', 4.00),
												('The Very First Night (Taylor\'s Version) (From The Vault)', 3.20),
												('All Too Well (10 Minute Version) (Taylor\'s Version) (From The Vault)', 10.13),
												('Sweeter Than Fiction (Taylor\'s Version)', 3.54),
												('Welcome to New York', 3.32),
												('Blank Space', 3.51),
												('Style', 3.51),
												('Out of the Woods', 3.55),
												('All You Had To Do Was Stay', 3.13),
												('Shake It Off', 3.39),
												('I Wish You Would', 3.27),
												('Bad Blood', 3.31),
												('Wildest Dreams', 3.40),
												('How You Get the Girl', 4.07),
												('This Love', 4.10),
												('I Know Places', 3.15),
												('Clean', 4.31),
												('Wonderland', 4.05),
												('You Are In Love', 4.27),
												('New Romantics', 3.50),
												('Ready For It?', 3.28),
												('End Game (feat. Ed Sheeran & Future)', 4.04),
												('I Did Something Bad', 3.58),
												('Don’t Blame Me', 3.56),
												('Delicate', 3.52),
												('Look What You Made Me Do', 3.31),
												('So It Goes...', 3.47),
												('Gorgeous', 3.29),
												('Getaway Car', 3.53),
												('King of My Heart', 3.34),
												('Dancing With Our Hands Tied', 3.17),
												('Dress', 3.50),
												('This Is Why We Can\'t Have Nice Things', 3.27),
												('Call It What You Want', 3.23),
												('New Year\'s Day', 3.55),
												('I Forgot That You Existed', 2.51),
												('Cruel Summer', 3.33),
												('Lover', 3.41),
												('The Man', 3.10),
												('The Archer', 3.31),
												('I Think He Knows', 2.53),
												('Miss Americana & The Heartbreak Prince', 3.54),
												('Paper Rings', 3.42),
												('Cornelia Street', 4.47),
												('Death By A Thousand Cuts', 3.59),
												('London Boy', 3.10),
												('Soon You\'ll Get Better (feat. The Chicks)', 3.22),
												('False God', 3.20),
												('You Need To Calm Down', 2.51),
												('Afterglow', 3.43),
												('Me! (feat. Brendon Urie of Panic! At The Disco)', 3.13),
												('It\'s Nice To Have A Friend', 2.30),
												('Daylight', 4.53),
												('The Lakes (Bonus Track)', 3.31),
												('Cardigan', 3.59),
												('The 1', 3.30),
												('Exile (feat. Bon Iver)', 4.57),
												('My Tears Ricochet', 4.15),
												('Mirrorball', 3.29),
												('Seven', 3.29),
												('August', 4.34),
												('This Is Me Trying', 3.15),
												('Illicit Affairs', 3.10),
												('Invisible String', 4.12),
												('Mad Woman', 3.57),
												('Epiphany', 4.49),
												('Betty', 4.54),
												('Peace', 3.54),
												('Hoax', 3.40),
												('Willow', 3.34),
												('Champagne Problems', 4.04),
												('Gold Rush', 2.35),
												('\'Tis The Damn Season', 3.49),
												('Tolerate It', 4.05),
												('No Body, No Crime (feat. Haim)', 3.35),
												('Happiness', 5.15),
												('Dorothea', 3.45),
												('Coney Island (feat. The National)', 4.35),
												('Ivy', 4.02),
												('Cowboy Like Me', 4.35),
												('Long Story Short', 3.35),
												('Marjorie', 4.17),
												('Closure', 3.00),
												('Evermore (feat. Bon Iver)', 5.04),
												('Right Where You Left Me (From The Vault)', 4.07),
												('It\'s Time To Go (From The Vault)', 5.15),
												('Midnights', 3.14),
												('Lavender Haze', 3.22),
												('Maroon', 3.38),
												('Anti-Hero', 3.20),
												('Snow On The Beach (feat. Lana Del Rey)', 4.16),
												('Midnight Rain', 2.54),
												('Question...?', 3.28),
												('Vigilante Shit', 2.44),
												('Bejeweled', 3.14),
												('Karma', 3.24),
												('Sweet Nothing', 3.08),
												('Mastermind', 3.11),
												('The Great War (3am Edition)', 4.00),
												('Bigger Than The Whole Sky (3am Edition)', 3.38),
												('Paris (3am Edition)', 3.16),
												('High Infidelity (3am Edition)', 3.55),
												('Glitch (3am Edition)', 2.28),
												('Would\'ve, Could\'ve, Should\'ve (3am Edition)', 4.20),
												('Dear Reader (3am Edition)', 3.45),
												('Hits Different (Bonus Track)', 3.54),
												('You\'re On Your Own, Kid', 3.14),
												('Carolina', 4.24),
												('Anti-Hero (feat. Bleachers Remix)', 3.48),
												('Snow On The Beach (feat. More Lana Del Rey)', 4.16),
												('Karma (feat. Ice Spice)', 3.24),
												('Slut! (From The Vault)', 3.00),
												('Say Don\'t Go (From The Vault)', 4.39),
												('Is It Over Now? (From The Vault)', 3.49),
												('Now That We Don\'t Talk (From The Vault)', 2.26);
                                                
-- QUIZ
insert into quiz (titulo, nivel_dificuldade, descricao) values ('Conhecimentos Gerais da Loirinha', 1, 'Teste seus conhecimentos gerais sobre a loirinha');
insert into quiz (titulo, nivel_dificuldade, descricao) values ('Quiz sobre Taylor Swift - Álbum 1989', 1, 'Veja se você realmente gosta do 1989');

-- PERGUNTA
insert into pergunta (pergunta, nivel_dificuldade, fkQuiz) values ('Qual o nome do documentário de Taylor Swift lançado na Netflix em 2020?',          3, 1),
																  ('Em que ano Taylor Swift lançou seu primeiro álbum?',                                2, 1),
																  ('Qual é o nome da cidade natal de Taylor Swift?',                                   4, 1),
																  ('Qual foi o primeiro álbum de Taylor Swift a ganhar o Grammy de Álbum do Ano?',    2, 1),
																  ('Em qual álbum está a música "All Too Well"?',                                     1, 1),
																  ('Quantos álbuns regravados ("Taylor''s Version") Taylor Swift lançou até 2024?',  3, 1),
																  ('Qual música contém o verso "Darling I''m a nightmare dressed like a daydream"?',  2, 1),
																  ('Qual o nome do álbum lançado por surpresa em julho de 2020?',                     2, 1),
																  ('Qual ator aparece no clipe de "The Man" dirigido por Taylor Swift?',              3, 1),
																  ('Qual é o nome da turnê que celebra todas as eras da carreira de Taylor Swift?',   1, 1);
                                                                  
insert into pergunta (pergunta, nivel_dificuldade, fkQuiz) values
('Qual música abre o álbum "1989"?',                                     2, 2),
('Qual foi o terceiro single lançado do álbum "1989"?',                  3, 2),
('Qual dessas faixas não faz parte do álbum "1989"?',                    1, 2),
('Qual produtor trabalhou extensivamente com Taylor em "1989"?',         3, 2),
('Qual dessas músicas de "1989" ganhou um Grammy?',                      2, 2),
('Quantas faixas tem a versão padrão do álbum "1989"?',                  4, 2),
('Qual foi a inspiração sonora principal para o estilo de "1989"?',      3, 2),
('Qual dessas músicas tem um videoclipe ambientado em um hospital?',     2, 2),
('Em qual cidade Taylor escreveu grande parte do álbum "1989"?',         3, 2),
('Qual dessas faixas foi escrita exclusivamente por Taylor Swift?',      4, 2);

-- ATUALIZANDO O QUIZ
update quiz set nivel_dificuldade = round((select avg(nivel_dificuldade) from pergunta where fkQuiz = 1)) where idQuiz = 1;
update quiz set nivel_dificuldade = round((select avg(nivel_dificuldade) from pergunta where fkQuiz = 2)) where idQuiz = 2;

-- ALTERNATIVA
insert into alternativa (letra, texto, correta, fkPergunta) values
-- P1
 ('A', 'Folklore: The Long Pond Studio Sessions', TRUE, 1),
 ('B', 'Miss Americana', FALSE, 1),
 ('C', 'The Eras Tour', FALSE, 1),
 ('D', 'Taylor Swift: Reputation Stadium Tour', FALSE, 1),
-- P2
 ('A', '2006', TRUE, 2),
 ('B', '2004', FALSE, 2),
 ('C', '2008', FALSE, 2),
 ('D', '2010', FALSE, 2),
-- P3
('A', 'Nashville, Tennessee', FALSE, 3),
('B', 'Austin, Texas', FALSE, 3),
('C', 'Wyomissing, Pensilvânia', TRUE, 3),
('D', 'Reading, Pensilvânia', FALSE, 3),
-- P4
('A', 'Fearless', TRUE, 4),
('B', 'Red', FALSE, 4),
('C', '1989', FALSE, 4),
('D', 'Speak Now', FALSE, 4),
-- P5
('A', 'Fearless', FALSE, 5),
('B', 'Speak Now', FALSE, 5),
('C', 'Red', TRUE, 5),
('D', 'Evermore', FALSE, 5),
-- P6
('A', '2', FALSE, 6),
('B', '3', FALSE, 6),
('C', '4', TRUE, 6),
('D', '5', FALSE, 6),
-- P7
('A', 'Style', FALSE, 7),
('B', 'Blank Space', TRUE, 7),
('C', 'Wildest Dreams', FALSE, 7),
('D', 'I Know Places', FALSE, 7),
-- P8
('A', 'Folklore', TRUE, 8),
('B', 'Evermore', FALSE, 8),
('C', 'Lover', FALSE, 8),
('D', 'Fearless (Taylor''s Version)', FALSE, 8),
-- P9
('A', 'David Harbour', FALSE, 9),
('B', 'Idris Elba', FALSE, 9),
('C', 'Tom Hiddleston', FALSE, 9),
('D', 'Aaron Paul', TRUE, 9),
-- P10
('A', 'Reputation Stadium Tour', FALSE, 10),
('B', 'The Eras Tour', TRUE, 10),
('C', 'Red Tour', FALSE, 10),
('D', 'Speak Now World Tour', FALSE, 10);

insert into alternativa (letra, texto, correta, fkPergunta) values
-- P1
('A', 'Welcome to New York', TRUE, 11),
('B', 'Style', FALSE, 11),
('C', 'Blank Space', FALSE, 11),
('D', 'Shake It Off', FALSE, 11),
-- P2
('A', 'Blank Space', FALSE, 12),
('B', 'Shake It Off', FALSE, 12),
('C', 'Style', TRUE, 12),
('D', 'Out of the Woods', FALSE, 12),
-- P3
('A', 'All You Had To Do Was Stay', FALSE, 13),
('B', 'This Love', FALSE, 13),
('C', 'Delicate', TRUE, 13),
('D', 'Wildest Dreams', FALSE, 13),
-- P4
('A', 'Jack Antonoff', FALSE, 14),
('B', 'Max Martin', TRUE, 14),
('C', 'Aaron Dessner', FALSE, 14),
('D', 'Ryan Tedder', FALSE, 14),
-- P5
('A', 'Style', FALSE, 15),
('B', 'Out of the Woods', FALSE, 15),
('C', 'Blank Space', TRUE, 15),
('D', 'I Wish You Would', FALSE, 15),
-- P6
('A', '10', FALSE, 16),
('B', '13', TRUE, 16),
('C', '15', FALSE, 16),
('D', '17', FALSE, 16),
-- P7
('A', 'Synth-pop dos anos 80', TRUE, 17),
('B', 'Country', FALSE, 17),
('C', 'Jazz', FALSE, 17),
('D', 'Rock alternativo', FALSE, 17),
-- P8
('A', 'Style', FALSE, 18),
('B', 'Bad Blood', TRUE, 18),
('C', 'Clean', FALSE, 18),
('D', 'How You Get the Girl', FALSE, 18),
-- P9
('A', 'Nova Iorque', TRUE, 19),
('B', 'Los Angeles', FALSE, 19),
('C', 'Nashville', FALSE, 19),
('D', 'Chicago', FALSE, 19),
-- P10
('A', 'This Love', TRUE, 20),
('B', 'Style', FALSE, 20),
('C', 'All You Had To Do Was Stay', FALSE, 20),
('D', 'Wonderland', FALSE, 20);

truncate desempenho;
truncate resposta;
select * from usuario;

-- DADOS PARA SIMULAÇÃO
insert into usuario (primeiro_nome, sobrenome, dtNascimento, cpf, email, senha, nickname, fkEstado, fkSigno, fkAlbumFavorito, fkEraFavorita, fkAvatar, fkMusicaFavorita) values
('Raquel', 'Moreira', '1979-06-14', '45213689051', 'carvalhogustavo-henrique@nunes.com', '8$I_8ZPxnq', 'raquel2393', 1, 11, 8, 10, 4, 147),
('Lívia', 'Sales', '1992-06-28', '29165478355', 'hnascimento@ig.com.br', 'o7YPe(S)$P', 'lívia3156', 18, 10, 3, 5, 1, 172),
('Valentina', 'da Conceição', '1989-05-20', '49281736004', 'eduardada-luz@peixoto.br', '%3dS1j0KP&', 'valentina7965', 8, 7, 11, 11, 4, 98),
('Miguel', 'Pires', '2003-02-07', '36271894500', 'kfarias@ig.com.br', 'qc!HI7RtAv', 'miguel6683', 2, 12, 7, 6, 12, 50),
('Alexandre', 'Fernandes', '1979-05-02', '67204893131', 'bianca91@hotmail.com', 'x_50*Di+*@', 'alexandre4091', 22, 8, 11, 8, 3, 110),
('Maria', 'Cardoso', '2001-11-27', '94257603143', 'leticiafernandes@carvalho.br', 'nx*0HAfQ@m', 'maria3108', 21, 7, 6, 11, 13, 40),
('Clarice', 'Farias', '1970-10-04', '32768104507', 'bianca46@oliveira.br', 'IK%3WZer3d', 'clarice8146', 20, 1, 1, 2, 4, 181),
('Rafael', 'Cavalcanti', '1998-01-20', '65491207306', 'isisalmeida@oliveira.org', '#r2dKYpoMo', 'rafael9391', 3, 7, 6, 6, 12, 2),
('Emanuelly', 'Ribeiro', '2002-03-01', '23946708510', 'costahenrique@uol.com.br', '9z%4yXt1*&', 'emanuelly7670', 7, 11, 6, 1, 6, 94),
('Luiz Fernando', 'Nogueira', '2005-01-02', '58062917312', 'portoyuri@uol.com.br', '99lUrXpd^y', 'luiz fernando8697', 15, 4, 8, 9, 4, 83),
('Lucas Gabriel', 'Moura', '1981-04-21', '27394586146', 'raquel33@cunha.org', '!kE0FXi1C4', 'lucas gabriel5845', 11, 8, 1, 3, 9, 88),
('Ana Beatriz', 'Pinto', '1977-08-13', '14982053642', 'ada-mata@uol.com.br', 'dJa3JlWd$0', 'ana beatriz8894', 3, 11, 1, 2, 13, 106),
('Ian', 'Silva', '1970-04-26', '71493802550', 'kbarbosa@pires.br', '(RDm4UaWZv', 'ian8945', 26, 8, 10, 11, 12, 2),
('Diogo', 'da Cruz', '1991-08-05', '64253987109', 'fernanda12@oliveira.org', '#aWUw5Vy9v', 'diogo1911', 24, 5, 1, 7, 12, 14),
('Luiz Henrique', 'Santos', '2000-04-29', '13670425934', 'maria-luizagomes@bol.com.br', 'W_9Ie%&kyH', 'luiz henrique7061', 10, 11, 8, 1, 13, 44),
('Bárbara', 'Ribeiro', '2006-07-06', '86124075326', 'alice52@gmail.com', 'Z@m3PEffYm', 'bárbara3271', 17, 10, 7, 2, 6, 65),
('Kevin', 'Jesus', '2005-12-22', '26590387400', 'fariasmaria-alice@yahoo.com.br', '4miCSz9$@W', 'kevin2295', 15, 11, 5, 4, 6, 139),
('Arthur', 'da Cunha', '1975-10-27', '36514908748', 'valentina84@ig.com.br', 'i1EJ_YAL+v', 'arthur1305', 8, 11, 6, 1, 6, 184),
('Kevin', 'Cardoso', '1993-12-17', '19037286577', 'maria-vitoriada-mata@bol.com.br', 'QK2W7JUim*', 'kevin2890', 18, 7, 7, 10, 10, 122),
('Luna', 'Ribeiro', '1970-03-25', '26805173930', 'slima@uol.com.br', '9g)OH8cj$t', 'luna3778', 22, 3, 8, 7, 11, 54),
('Ryan', 'Pinto', '1970-12-22', '69230817422', 'fernandesnathan@araujo.net', 'Ml+^3O5wOw', 'ryan6673', 19, 8, 4, 5, 11, 2),
('Nicolas', 'Barros', '2002-09-17', '93571824032', 'noah76@bol.com.br', 'G1zGkh4p)@', 'nicolas2108', 1, 5, 6, 5, 2, 112),
('Bruno', 'Castro', '2005-09-09', '14763095820', 'jesusana-luiza@ig.com.br', ')_W5tKkhqt', 'bruno8067', 24, 4, 5, 6, 8, 178),
('Gustavo', 'Silva', '1979-12-28', '47865301235', 'ycardoso@cardoso.com', '$6X3UQ2DwS', 'gustavo7236', 2, 5, 7, 3, 1, 142),
('Davi Lucca', 'Barros', '1984-10-10', '04359867247', 'tsales@da.com', '!!6$FYgaIt', 'davi lucca4966', 1, 2, 7, 1, 4, 19),
('Benício', 'Moreira', '1986-07-25', '34279160570', 'raragao@carvalho.br', '@_^4Gh7B1p', 'benício9838', 7, 10, 3, 8, 7, 173),
('Sarah', 'Campos', '1992-10-09', '46259713061', 'wda-mota@gmail.com', '@Td&@Rp!d8', 'sarah1949', 21, 12, 8, 10, 13, 24),
('Miguel', 'Cardoso', '1964-12-01', '35842906198', 'gsilveira@caldeira.com', '^y@VoFl(3f', 'miguel3848', 16, 7, 2, 10, 5, 27),
('Raul', 'Aragão', '1965-02-10', '92130784550', 'catarina20@vieira.com', ')ncAmpN5W7', 'raul6677', 26, 2, 1, 2, 1, 171),
('Bruna', 'da Cunha', '1987-08-22', '65047983110', 'cvieira@da.com', 'fPcG9Qi4#+', 'bruna6604', 13, 12, 11, 8, 6, 105),
('Milena', 'Monteiro', '1989-05-29', '59203748610', 'vieiraleonardo@bol.com.br', 'ppP16AYrD@', 'milena1628', 3, 7, 10, 5, 5, 136),
('Maria Alice', 'Oliveira', '1971-05-07', '79652438146', 'theopeixoto@hotmail.com', '(9YP(rp_2d', 'maria alice4955', 15, 3, 2, 1, 2, 13),
('Ana Vitória', 'Fogaça', '1986-05-11', '27918045360', 'pintoraul@yahoo.com.br', 'ufM6+PpB+s', 'ana vitória8355', 17, 4, 4, 1, 10, 199),
('Thomas', 'Sales', '1998-12-29', '37185092612', 'enricomelo@ribeiro.br', '2q31RoK0^^', 'thomas8127', 27, 3, 4, 1, 13, 129),
('Thomas', 'Aragão', '1988-03-22', '59170326452', 'nicolas81@alves.com', 'Y)U5lQqNro', 'thomas7319', 5, 4, 5, 7, 2, 4),
('Maria', 'Gomes', '1994-11-11', '49371862050', 'luiz-gustavo82@yahoo.com.br', '*6NIP%Ol*d', 'maria5262', 14, 12, 7, 7, 4, 33),
('Ana Júlia', 'Gomes', '1979-12-15', '95234106870', 'jrocha@ig.com.br', 'M3Mqt5T@_9', 'ana júlia6084', 21, 5, 9, 7, 7, 174),
('Vitor Gabriel', 'da Mata', '1998-09-09', '15064973810', 'eduardomoura@hotmail.com', 'p%2_PG_oeg', 'vitor gabriel7577', 21, 3, 2, 8, 3, 148),
('Yuri', 'Azevedo', '1997-11-29', '38950142651', 'brunanascimento@nogueira.com', 'V)bj1bLt8^', 'yuri1919', 7, 4, 7, 1, 4, 173),
('Catarina', 'Caldeira', '1971-02-22', '57938260410', 'bnovaes@teixeira.com', '&7KP3lEy!R', 'catarina2766', 25, 12, 8, 8, 12, 13),
('Helena', 'Campos', '1973-04-25', '03851764226', 'mendesnicolas@barros.br', 'n_8H8Ok$FE', 'helena3258', 17, 1, 2, 9, 13, 142),
('Beatriz', 'Martins', '1973-08-12', '76402835153', 'leandroramos@ig.com.br', 'a9o9vZL^!p', 'beatriz4720', 18, 4, 5, 8, 2, 102),
('Maria Vitória', 'Gonçalves', '1967-07-20', '47890235160', 'rafaelvieira@ig.com.br', '%Tv1GgSi&Z', 'maria vitória8321', 24, 12, 8, 3, 9, 102),
('Pietro', 'Ribeiro', '1968-09-21', '61379248078', 'anacardoso@gmail.com', '%0RAnQLfvg', 'pietro7932', 6, 1, 3, 9, 2, 120),
('Ana Vitória', 'Aragão', '1995-12-17', '61032587407', 'iaragao@gmail.com', '+36R0r3h3(', 'ana vitória7381', 16, 7, 10, 3, 4, 8),
('Júlia', 'da Mata', '1993-08-15', '95713842673', 'da-conceicaosarah@da.br', '(BZb2NTzQz', 'júlia2595', 18, 11, 5, 7, 2, 180),
('Carlos Eduardo', 'da Paz', '1995-10-12', '43765981001', 'maria-sophiasouza@da.com', 'gl0MPCfnz@', 'carlos eduardo3914', 23, 2, 11, 4, 12, 150),
('Júlia', 'Silva', '1965-10-20', '43712860544', 'luiz-miguelda-rocha@bol.com.br', '^)VwLLn@%4', 'júlia5925', 10, 12, 9, 3, 2, 132),
('Evelyn', 'Viana', '1981-12-26', '82647539065', 'nvieira@yahoo.com.br', '3xzS%7Hd&Z', 'evelyn9674', 6, 3, 5, 4, 8, 110),
('Maria Vitória', 'Moreira', '1982-03-05', '48910675276', 'peixotoanthony@lima.br', '$9F)CBhD6Z', 'maria vitória9272', 14, 7, 2, 10, 11, 121),
('Luiza', 'Pinto', '1975-02-19', '42318957673', 'renanfarias@azevedo.com', '%P5%Ynhjt3', 'luiza4802', 18, 1, 10, 6, 5, 9),
('Alice', 'Souza', '2004-06-02', '17490653800', 'isisda-conceicao@uol.com.br', '^0YakC^f$5', 'alice9201', 12, 6, 11, 8, 7, 58),
('Maria Alice', 'Duarte', '1988-11-26', '45680217317', 'joao00@hotmail.com', 'D(CrM9Lb@2', 'maria alice5130', 12, 6, 1, 3, 2, 23),
('Daniela', 'Lopes', '2000-03-31', '85301924788', 'pietraalmeida@novaes.br', 'n+y1QEw^)h', 'daniela9561', 13, 5, 7, 5, 11, 178),
('Bryan', 'Ribeiro', '1992-03-12', '31892704579', 'renan76@silveira.br', 'i$Y7NAyq#z', 'bryan1056', 8, 9, 10, 10, 4, 36),
('Luiz Miguel', 'Ferreira', '1970-12-17', '24578906167', 'mourapedro-henrique@cunha.com', ')m1J+4tteG', 'luiz miguel8793', 12, 7, 1, 7, 11, 55),
('Vitor Gabriel', 'Carvalho', '1986-03-11', '62485310998', 'da-rocharenan@castro.com', '+7KFVkx7f&', 'vitor gabriel6405', 15, 10, 9, 5, 10, 74),
('Felipe', 'da Mata', '1975-11-19', '29751406811', 'joao-lucasda-paz@hotmail.com', 'F+5*KFQjrs', 'felipe3048', 1, 2, 6, 11, 12, 40),
('Vitor Gabriel', 'Moraes', '1998-03-20', '52019738414', 'das-nevesluiz-gustavo@rodrigues.org', '(7VQNIJbXs', 'vitor gabriel5415', 7, 12, 4, 1, 6, 120),
('Ana Laura', 'Gonçalves', '1978-01-04', '16527089449', 'maria-alice71@carvalho.br', '#@z8d19a#H', 'ana laura1938', 26, 5, 3, 10, 3, 19),
('Leonardo', 'Jesus', '1984-05-05', '49673801231', 'jcorreia@gmail.com', 'Pn5bgALiM$', 'leonardo1414', 25, 5, 6, 3, 7, 164),
('Laura', 'Moreira', '2000-02-28', '64270831987', 'ssales@pinto.br', '^9X_I@3na4', 'laura8812', 23, 7, 11, 6, 3, 103),
('Sofia', 'Dias', '1979-12-23', '48310695748', 'vmoura@pires.br', '#H%5yAib!^', 'sofia2215', 3, 1, 1, 3, 4, 17),
('Eduarda', 'Peixoto', '1979-09-04', '02897436131', 'fernandesdavi-lucca@costela.br', '$89UdJhtBT', 'eduarda3804', 15, 5, 5, 11, 7, 173),
('Lucas', 'da Mata', '1971-03-17', '23170985450', 'marcelo11@cunha.com', 'Cg1O+0qUW)', 'lucas6321', 26, 3, 1, 1, 8, 98),
('Luiz Henrique', 'Porto', '1965-12-18', '90215378695', 'isabellyda-rosa@almeida.com', '%v4F60ep*R', 'luiz henrique2348', 6, 11, 8, 4, 12, 144),
('Amanda', 'da Rocha', '1978-04-20', '10957862377', 'vieiralucca@costa.com', '(Ni4UNtZsH', 'amanda3406', 16, 9, 3, 10, 11, 114),
('Maitê', 'Rezende', '1971-12-28', '46138297555', 'ofogaca@oliveira.br', 's_9BCxmBws', 'maitê2509', 7, 10, 1, 10, 6, 48),
('Vinicius', 'Almeida', '1999-06-18', '75698420300', 'cunhanatalia@aragao.com', 'f7N22DshY*', 'vinicius9714', 26, 5, 10, 6, 5, 172),
('Calebe', 'Nunes', '1970-11-11', '83612740571', 'rochadiego@ig.com.br', '!70Rt8Oy08', 'calebe1206', 22, 12, 7, 1, 9, 163),
('Ana Sophia', 'Nogueira', '1993-11-08', '85629307410', 'brenda85@bol.com.br', 'gU_45hNrun', 'ana sophia1395', 18, 1, 10, 2, 1, 189),
('João Miguel', 'da Mata', '1997-05-03', '57683912409', 'milenaribeiro@uol.com.br', 'xdA26cdD$7', 'joão miguel7255', 18, 9, 3, 7, 7, 11),
('Maysa', 'Fernandes', '1970-08-20', '98751302497', 'nathan08@goncalves.br', '^fk8MCuHL3', 'maysa2202', 3, 12, 11, 11, 12, 91),
('Gabriel', 'da Costa', '2003-05-19', '85216794085', 'pereirakevin@gmail.com', 'Eh#7U3osz!', 'gabriel4487', 6, 2, 3, 1, 8, 162),
('Sophie', 'Santos', '1991-03-27', '08159637420', 'lucas-gabrielviana@rezende.com', 'K3cMTuo3%W', 'sophie7537', 24, 11, 3, 5, 12, 106),
('João Pedro', 'Nascimento', '1967-09-26', '65028139768', 'igorlima@cardoso.net', 'O42Dkdwg)(', 'joão pedro8316', 20, 10, 3, 1, 1, 159),
('Thomas', 'Barbosa', '1977-01-25', '28104753932', 'camposmanuela@da.br', '8*4EvVOrp(', 'thomas4357', 21, 9, 3, 3, 4, 7),
('Isabelly', 'Costa', '1980-03-11', '03714895205', 'ramospietro@hotmail.com', '_SN(zonBx7', 'isabelly1010', 14, 4, 3, 11, 7, 155),
('Júlia', 'da Rocha', '1966-08-17', '71053682417', 'ecavalcanti@ig.com.br', '!%0UTv+(Bq', 'júlia3961', 27, 2, 7, 11, 12, 9),
('Anthony', 'Pereira', '1965-06-28', '15428306726', 'ocunha@bol.com.br', '$OL7lavbO0', 'anthony6835', 27, 8, 9, 8, 5, 189),
('Luana', 'Costela', '1983-12-30', '53726048910', 'piresvitor-hugo@carvalho.com', 'e_150XlUSQ', 'luana5322', 16, 11, 3, 5, 3, 27),
('Luiz Fernando', 'Campos', '1972-06-05', '74832165909', 'gabriela36@vieira.br', 'JS0JuQsH(9', 'luiz fernando7139', 14, 2, 6, 8, 12, 159),
('Thiago', 'Sales', '1984-02-27', '78042196520', 'rochaluigi@cardoso.com', ')$ZkmJurL9', 'thiago8652', 4, 2, 6, 7, 13, 144),
('Fernanda', 'Costela', '2005-09-29', '98206537112', 'ana-clara89@fogaca.br', 'l)w)9^Yz+D', 'fernanda6687', 16, 4, 10, 8, 13, 119),
('Gabrielly', 'Araújo', '1995-06-02', '21580379460', 'martinslarissa@azevedo.com', 'Gk3SM4deX(', 'gabrielly2856', 17, 2, 2, 6, 11, 59),
('Davi Lucca', 'Santos', '1971-06-09', '82150639777', 'carolinecostela@bol.com.br', '09WFrkfD%r', 'davi lucca5645', 1, 4, 5, 7, 13, 180),
('Anthony', 'Cardoso', '1991-02-23', '79480135639', 'antonio00@azevedo.com', 'e03#P47k@Z', 'anthony4430', 18, 7, 7, 9, 5, 25),
('Theo', 'Mendes', '2006-09-14', '97531240661', 'carlos-eduardofreitas@yahoo.com.br', '@F%MzPrj3e', 'theo2823', 6, 3, 5, 6, 1, 46),
('Pedro Miguel', 'da Rosa', '1990-06-21', '54327061999', 'da-motaclara@uol.com.br', 'G^8_Xx25G*', 'pedro miguel7243', 7, 8, 9, 8, 9, 7),
('Henrique', 'Farias', '1988-03-08', '42713805988', 'maria-julia84@cardoso.br', '3+P8D%Ttk)', 'henrique8862', 5, 9, 5, 9, 5, 62),
('Caio', 'Araújo', '1991-11-19', '96301857259', 'gomesbrenda@uol.com.br', 'C7jO1Qks#F', 'caio4310', 6, 1, 9, 5, 10, 95),
('Ana Laura', 'Vieira', '1973-03-16', '31254860924', 'martinslevi@uol.com.br', '0R7mXwqI@7', 'ana laura9413', 24, 9, 9, 9, 1, 76),
('Pietra', 'Fernandes', '1998-12-04', '06924513743', 'monteiroana@caldeira.br', '1S+8AzwQTa', 'pietra6414', 23, 7, 6, 4, 6, 2),
('Milena', 'Ribeiro', '1988-12-04', '48762931555', 'luna03@rocha.org', 'f^c3Q^($_e', 'milena4441', 17, 8, 5, 7, 6, 5),
('Diego', 'Campos', '1993-05-21', '14057329897', 'matheus91@fernandes.com', 'fO1pFtzqP@', 'diego6241', 11, 3, 10, 4, 7, 144),
('Rafaela', 'Pereira', '1988-09-10', '85970321460', 'santoscaroline@gmail.com', '9BJlE)fp)X', 'rafaela9897', 23, 3, 7, 11, 4, 50),
('Vitor Hugo', 'Lima', '1980-06-08', '19206784331', 'diogocardoso@lima.com', '&7aLwdgI(O', 'vitor hugo5271', 8, 1, 8, 1, 1, 20),
('Gabriela', 'Dias', '1986-01-14', '35716920470', 'yagoporto@ig.com.br', '&L0u0tnz&&', 'gabriela4848', 11, 2, 5, 11, 2, 8),
('Nicole', 'Monteiro', '1989-02-27', '04916853270', 'dramos@ramos.com', '#5#QlQyt1J', 'nicole5427', 21, 1, 7, 9, 8, 152),
('Vinicius', 'Pires', '2005-04-18', '12543760890', 'larissamonteiro@gmail.com', 'fc2CMihdi$', 'vinicius2181', 14, 9, 4, 8, 8, 45),
('Melissa', 'Silva', '1974-03-23', '60398157448', 'joao-miguel22@yahoo.com.br', '#Kz98DbBOx', 'melissa7384', 25, 12, 8, 2, 10, 38),
('Alexandre', 'Jesus', '1994-05-18', '05916382740', 'leonardomoura@yahoo.com.br', '%%O4diPwMx', 'alexandre7949', 27, 1, 4, 9, 4, 106),
('Eduardo', 'Lopes', '1991-07-23', '10568972368', 'isaacdias@da.net', 'Bae7O^Fq@S', 'eduardo9610', 20, 8, 5, 6, 8, 5),
('João Guilherme', 'Castro', '2007-03-08', '52160734934', 'barbara08@gmail.com', '9ZHkN&Mc&%', 'joão guilherme5839', 27, 9, 4, 10, 7, 33),
('Elisa', 'Costa', '1991-01-08', '20356814726', 'joao-gabrieljesus@da.org', 'w!3EQCIf#M', 'elisa1220', 4, 3, 1, 3, 3, 43),
('Daniel', 'Barros', '1982-06-23', '29564731070', 'pintolorena@rocha.com', 'a2WC_oij(8', 'daniel6201', 9, 3, 5, 3, 2, 175),
('Maria Alice', 'Farias', '1991-02-14', '30612594815', 'pedro-henrique39@martins.br', '2L8DjLd6_m', 'maria alice9255', 1, 5, 10, 4, 3, 8),
('Stella', 'Aragão', '1978-02-18', '01825396442', 'valentina72@freitas.com', 'GRu24JpU$@', 'stella9832', 23, 12, 3, 4, 11, 169),
('Calebe', 'Cunha', '2005-08-04', '83759402674', 'isadora25@yahoo.com.br', '*EPb0QhdAR', 'calebe7228', 21, 11, 6, 4, 7, 135),
('Cauã', 'da Luz', '1976-01-06', '92870413696', 'arthurvieira@gmail.com', '9WWY*Adc_s', 'cauã6531', 2, 10, 11, 2, 6, 34),
('João Gabriel', 'Costela', '1964-08-29', '62734589010', 'giovanna88@yahoo.com.br', 'iF6JXzw%a)', 'joão gabriel4052', 26, 7, 11, 8, 9, 5),
('Juan', 'Correia', '1972-05-08', '03167582995', 'bruno68@alves.com', '0gY!kLl7)D', 'juan7066', 10, 3, 3, 11, 5, 52),
('Kaique', 'Sales', '1977-01-25', '93248710560', 'tfogaca@yahoo.com.br', 'tGs)7T0fRr', 'kaique2903', 17, 6, 2, 10, 2, 164),
('João Miguel', 'Farias', '1977-09-17', '65047918211', 'duartecaio@goncalves.br', 'W^T0B^MtHh', 'joão miguel2424', 17, 3, 5, 10, 9, 129),
('Emilly', 'da Conceição', '1976-10-26', '90154372625', 'mouraalicia@uol.com.br', '_veT@5x@_8', 'emilly5557', 17, 6, 11, 5, 3, 73),
('João Felipe', 'Ribeiro', '1985-05-19', '16398274040', 'da-matabenjamin@duarte.br', '!wJ6(Pli6P', 'joão felipe9826', 19, 2, 2, 11, 10, 122),
('Antônio', 'Silva', '1988-10-10', '59670142334', 'martinsjoao-miguel@gmail.com', 'G#2N*qa6I1', 'antônio1232', 13, 7, 8, 3, 7, 193),
('Danilo', 'da Luz', '1988-10-16', '54706392152', 'luiz-henriquecardoso@bol.com.br', '@D%2yALm@q', 'danilo6204', 6, 1, 3, 5, 1, 126),
('Yago', 'das Neves', '1997-09-07', '18024796511', 'mirelladias@uol.com.br', ')1$FdujxOk', 'yago6153', 26, 2, 8, 10, 4, 68),
('Lucas', 'Vieira', '1968-01-24', '17546032890', 'ceciliaviana@cavalcanti.br', '+*6YmbgRYV', 'lucas8536', 2, 7, 2, 1, 6, 173),
('Pedro', 'Azevedo', '1997-04-17', '72968305140', 'oliviada-cunha@uol.com.br', '&*6BJwupGy', 'pedro1346', 11, 4, 11, 2, 11, 145),
('Paulo', 'Silveira', '1989-10-09', '28306591712', 'correiaeloah@martins.br', '^%05A#Aa*1', 'paulo3602', 23, 4, 9, 8, 11, 150),
('Fernanda', 'Jesus', '2003-04-07', '57640289149', 'goncalvesgabriel@hotmail.com', '#39sJ3!p#S', 'fernanda2200', 19, 8, 9, 11, 5, 112),
('Pedro Lucas', 'Ramos', '1968-07-01', '10937645206', 'pmartins@lima.br', '(q4GFU9q&p', 'pedro lucas1806', 27, 11, 6, 2, 11, 188),
('Daniel', 'Almeida', '1988-09-04', '67194352052', 'valentina79@da.org', 'j^I8AQQij(', 'daniel4886', 16, 3, 10, 1, 8, 20),
('Pedro Henrique', 'Gomes', '1991-05-14', '35012697499', 'brendafogaca@gmail.com', '(M5Kh#3y1o', 'pedro henrique3820', 14, 12, 3, 8, 5, 28),
('Bruno', 'Gonçalves', '1998-07-29', '75623490883', 'cardosovitoria@ig.com.br', '&Nlm3&ycN9', 'bruno7425', 5, 5, 7, 4, 6, 78),
('Cecília', 'Barros', '2004-03-17', '81967243069', 'freitaselisa@pires.br', '&R^T16Zv%T', 'cecília5619', 6, 8, 8, 2, 11, 152),
('Ana Vitória', 'da Mota', '2005-03-30', '91607452820', 'wribeiro@da.br', 'yDJ7vt7t(7', 'ana vitória5589', 22, 6, 4, 2, 13, 121),
('Maria Vitória', 'Freitas', '1988-05-25', '43581920760', 'maria-juliacosta@viana.com', 'J_O8JZlNSs', 'maria vitória3361', 6, 7, 4, 8, 11, 55),
('Daniel', 'Viana', '1983-04-21', '97061843250', 'zcardoso@gmail.com', 'u1&!DcYs$x', 'daniel7768', 14, 7, 4, 1, 6, 88),
('Júlia', 'da Costa', '1996-01-14', '80719346584', 'da-motaana-laura@ferreira.com', 'iXSjgb22#3', 'júlia8801', 17, 3, 2, 6, 5, 36),
('Evelyn', 'da Cunha', '1999-07-20', '84025791323', 'alana82@bol.com.br', '$o%3Qg%ew5', 'evelyn1860', 10, 5, 8, 2, 1, 89),
('Isabel', 'Monteiro', '1989-03-06', '97501236895', 'valentinagoncalves@araujo.com', 'g6i!HWpv*(', 'isabel1103', 20, 4, 10, 3, 2, 110),
('Vitória', 'da Luz', '1966-06-28', '69012478340', 'bryancavalcanti@caldeira.br', 'sR1MbOMX*n', 'vitória7150', 9, 2, 1, 9, 9, 26),
('Samuel', 'Farias', '1981-11-13', '48763529092', 'lara01@hotmail.com', '6VIM9Wf&3(', 'samuel7905', 27, 9, 3, 4, 6, 114),
('Gabriela', 'Viana', '2002-09-29', '81065734271', 'tsilva@fogaca.com', 'MP)nJzaF*7', 'gabriela5135', 10, 10, 9, 3, 5, 24),
('Milena', 'Vieira', '1979-12-10', '96302758483', 'cardosobryan@yahoo.com.br', '(F5Ztktlj#', 'milena9544', 20, 5, 8, 3, 12, 189),
('Nicolas', 'da Cunha', '2004-03-16', '73814065271', 'joao-miguel73@ig.com.br', '$1qEyqVL*1', 'nicolas1365', 25, 3, 8, 11, 10, 93),
('Antônio', 'Carvalho', '1982-08-15', '60897245300', 'giovanna31@uol.com.br', 'ENeA9H2sI_', 'antônio6452', 17, 5, 9, 7, 9, 42),
('Enrico', 'Porto', '1976-08-14', '52381496700', 'kaique66@martins.com', 'g)@9g9(bfA', 'enrico9038', 18, 9, 7, 2, 1, 62),
('Levi', 'Cunha', '1994-06-29', '18359260451', 'moreiradavi-lucca@gmail.com', 'jfHs71CN&0', 'levi5538', 22, 7, 4, 5, 12, 122),
('Lucca', 'Farias', '1980-07-23', '05864327107', 'muriloramos@hotmail.com', 'zhuXYDRz^1', 'lucca2999', 22, 4, 5, 4, 8, 130),
('Thiago', 'Peixoto', '1965-07-18', '08537942197', 'ucunha@rodrigues.org', 'Z!^8WrkiYf', 'thiago8251', 14, 12, 4, 8, 5, 80),
('Gustavo Henrique', 'Rezende', '1990-05-29', '37168045253', 'ian61@yahoo.com.br', '0j0Xuvb$_3', 'gustavo henrique6254', 15, 5, 5, 1, 1, 84),
('Eduarda', 'Pires', '1966-04-13', '35962708121', 'vianamilena@cardoso.br', 'HP6$W8KaTo', 'eduarda5160', 26, 1, 6, 9, 4, 86),
('Cauã', 'Ramos', '1969-10-07', '46715320934', 'nunespedro@bol.com.br', 'Xo_72L^y&8', 'cauã8239', 14, 4, 9, 1, 8, 85),
('André', 'Novaes', '1995-03-20', '60297435892', 'kevinnogueira@gmail.com', '7qS@Oks3@P', 'andré5420', 15, 12, 9, 2, 10, 4),
('Anthony', 'Silveira', '1982-09-20', '89062573177', 'ramosgiovanna@uol.com.br', '%I8K#XUb%8', 'anthony9652', 24, 11, 8, 3, 12, 106),
('Lorenzo', 'Pinto', '1967-04-08', '93142586024', 'barbosaenzo-gabriel@mendes.br', '&sk2MCch53', 'lorenzo5618', 10, 1, 5, 2, 13, 63),
('Isis', 'Silva', '2001-11-05', '10524638942', 'henriqueda-cruz@sales.br', '#YG1V^sZsU', 'isis5713', 5, 6, 7, 3, 7, 10),
('Leonardo', 'Souza', '1982-01-15', '16290785303', 'maria-sophia40@hotmail.com', 'cXBbdFuo&1', 'leonardo8491', 5, 8, 3, 1, 10, 120),
('Maria Vitória', 'Costa', '2003-10-16', '71592604307', 'uramos@nascimento.br', '2swD6Q6h*S', 'maria vitória4074', 14, 3, 6, 7, 3, 189),
('Luiz Felipe', 'Silva', '1977-04-21', '39085647193', 'marcela39@azevedo.org', '!dLSyH6B2e', 'luiz felipe7029', 12, 5, 2, 8, 7, 160),
('Letícia', 'Azevedo', '1982-02-01', '38150269703', 'nunesjoao-felipe@bol.com.br', 'HYo5sLyl8(', 'letícia6947', 16, 10, 10, 10, 9, 18),
('Diogo', 'Nascimento', '1971-11-22', '62537814053', 'enzoda-costa@oliveira.com', '&U6HOQYt+v', 'diogo4049', 4, 10, 6, 6, 2, 170),
('Lucca', 'Dias', '1991-04-23', '01736984250', 'clarice60@ig.com.br', 'y3CQ$WuQ_E', 'lucca2392', 25, 10, 10, 11, 5, 44),
('Giovanna', 'da Mota', '1989-05-02', '13642587909', 'luiz-miguelgoncalves@goncalves.org', '(n0lXvzX&K', 'giovanna7457', 27, 8, 1, 9, 4, 186),
('Ian', 'Farias', '2002-06-25', '06273941599', 'sarahcunha@hotmail.com', 'p%i8y0Ym)A', 'ian4175', 22, 4, 3, 3, 2, 18),
('Gustavo Henrique', 'Pires', '1972-12-15', '15073498232', 'jteixeira@yahoo.com.br', 'X1)2eRDd#S', 'gustavo henrique3566', 10, 12, 10, 9, 1, 38),
('Maria Clara', 'Nascimento', '1964-07-16', '95601248389', 'luiz-felipemoura@da.br', '$r0DKryaa^', 'maria clara8374', 1, 9, 4, 6, 3, 112),
('Mirella', 'Campos', '2006-08-11', '75284609310', 'rochacatarina@yahoo.com.br', '#6qJmt7ex7', 'mirella3521', 9, 12, 6, 2, 4, 88),
('Juan', 'da Mata', '1983-08-07', '94510867220', 'enzo-gabrieloliveira@yahoo.com.br', '(4Xe4Kmhe7', 'juan6390', 24, 12, 11, 2, 6, 94),
('João Vitor', 'Fogaça', '2001-11-04', '05923781441', 'gustavo-henriqueda-mota@santos.com', '^4fLXvtl8d', 'joão vitor2382', 2, 3, 8, 11, 6, 30),
('Rafael', 'Azevedo', '1972-06-27', '08176239496', 'zda-mota@freitas.net', 'R1BxpI^($d', 'rafael9774', 5, 4, 8, 4, 6, 88),
('Theo', 'Caldeira', '1974-09-24', '24158367964', 'camila62@ig.com.br', '#fQ)RHhJP8', 'theo2124', 10, 7, 3, 4, 1, 90),
('Alexia', 'Rodrigues', '2003-04-15', '61794830510', 'ana-vitoriaaragao@bol.com.br', 'oHj87Kgo#h', 'alexia2889', 21, 3, 7, 2, 2, 163),
('Emanuelly', 'da Rocha', '2003-11-03', '76895012303', 'sophie67@cavalcanti.br', '#BFq*4*J0g', 'emanuelly9412', 25, 10, 1, 2, 11, 34),
('Antônio', 'Santos', '1971-09-17', '89376521455', 'mda-cruz@da.com', '^5U*ZGwYQ2', 'antônio9818', 19, 4, 4, 3, 8, 75),
('Luigi', 'Cardoso', '2006-09-13', '68932107521', 'gomesluiz-felipe@gmail.com', '^6u3TfbH#j', 'luigi3797', 2, 3, 6, 8, 3, 17),
('Rebeca', 'Pires', '2004-09-06', '95731820686', 'bsantos@teixeira.br', '@XE2B4l9iE', 'rebeca5193', 21, 7, 4, 9, 5, 113),
('Sophia', 'Vieira', '1998-07-23', '90631427813', 'lda-mata@pereira.com', '7)ZSZCyu!9', 'sophia6710', 25, 3, 11, 10, 8, 64),
('Luigi', 'Ramos', '2005-10-20', '96152870402', 'iramos@cardoso.com', 'e_Ku3C@v8I', 'luigi5918', 7, 5, 5, 11, 3, 142),
('Amanda', 'Oliveira', '1986-08-14', '16239078530', 'freitasthales@lima.org', '&P8*$Jnvsm', 'amanda8901', 22, 2, 8, 9, 4, 45),
('Luiz Otávio', 'Santos', '1969-08-30', '48723056126', 'sabrina16@gmail.com', '(6#T__aPpF', 'luiz otávio7013', 20, 3, 5, 1, 6, 27),
('Natália', 'Barbosa', '1973-01-30', '51872904360', 'henriqueramos@cunha.br', 's6Kl5XXb(C', 'natália3482', 6, 11, 10, 5, 3, 194),
('Nathan', 'Melo', '1974-10-30', '15842379023', 'beniciojesus@ig.com.br', '69AQbUXj+j', 'nathan9454', 9, 1, 3, 3, 9, 6),
('Leandro', 'Moraes', '2000-04-01', '31452869782', 'fernanda18@peixoto.com', 'qRYh7RfV#R', 'leandro4090', 5, 2, 2, 5, 13, 70),
('Rafael', 'Cunha', '1988-07-15', '49675183039', 'alvesgabriel@bol.com.br', '*FLKAof@4R', 'rafael8678', 16, 5, 11, 2, 5, 101),
('Clarice', 'Costa', '1971-04-11', '47816029322', 'bduarte@hotmail.com', '*5qJLjhvqK', 'clarice9506', 12, 9, 10, 8, 2, 120),
('João Pedro', 'Costa', '1985-08-27', '30716542862', 'ana-juliabarros@bol.com.br', '2LU%njp7%o', 'joão pedro6680', 19, 11, 8, 1, 1, 107),
('Sabrina', 'Sales', '1968-01-02', '46305972800', 'ferreiraluiz-felipe@uol.com.br', 'DUq2BxJv^l', 'sabrina6059', 13, 4, 8, 6, 2, 192),
('Ana Carolina', 'Novaes', '1998-09-29', '47639580110', 'lucas-gabriel86@monteiro.org', '+78rYTbpjC', 'ana carolina5382', 13, 7, 7, 7, 3, 28),
('Calebe', 'Carvalho', '1994-04-02', '05972146894', 'isabella43@yahoo.com.br', '%ua7Ts%Su5', 'calebe8047', 17, 3, 11, 5, 9, 39),
('Cauê', 'Araújo', '1965-09-28', '32165407826', 'rodrigo62@fernandes.org', '*6IZG6$q7q', 'cauê8125', 25, 3, 6, 4, 4, 151),
('Alícia', 'Pereira', '1972-06-15', '69507231803', 'marinanunes@gmail.com', '4_3JG#_sRY', 'alícia9364', 6, 2, 2, 3, 2, 1),
('Luiz Miguel', 'Freitas', '1999-11-19', '37960412804', 'ana-luiza00@das.org', '0eaVF0yW%@', 'luiz miguel8150', 18, 12, 6, 4, 9, 151),
('Luana', 'Gomes', '1984-04-13', '76083142571', 'vgomes@yahoo.com.br', 'f)41T4c(+S', 'luana6367', 26, 2, 9, 5, 3, 61),
('Melissa', 'Alves', '1967-08-27', '25307846983', 'leticialopes@cardoso.br', '0CF0FrzB_8', 'melissa8568', 21, 8, 11, 10, 7, 187),
('Davi Lucca', 'Duarte', '1975-03-23', '97845103675', 'nmonteiro@gmail.com', '3KQCkOjq@!', 'davi lucca4742', 6, 3, 6, 4, 1, 168),
('Gustavo', 'Fogaça', '1995-02-15', '46358021753', 'juliasilva@da.com', '_F$7yV)mJO', 'gustavo9547', 14, 6, 8, 5, 2, 115),
('Lorenzo', 'Rodrigues', '1995-03-18', '50849732123', 'gabriela44@bol.com.br', 't8DVesVm%h', 'lorenzo4127', 14, 10, 2, 4, 10, 164),
('Ana Laura', 'Vieira', '1968-06-11', '79813240504', 'ana-clarasales@nunes.org', 's@1HzNoTZB', 'ana laura7561', 19, 6, 4, 2, 12, 84),
('Evelyn', 'das Neves', '1974-10-15', '82495160794', 'raquel42@fernandes.br', '@A(HsHs@D2', 'evelyn8681', 27, 1, 10, 5, 5, 196),
('Leandro', 'Peixoto', '1972-06-27', '54160973884', 'guilhermemoura@carvalho.com', '0(1^0F^frL', 'leandro1213', 9, 8, 2, 10, 4, 25),
('Luiz Gustavo', 'Nogueira', '1978-04-05', '37495016299', 'enzo-gabriel82@bol.com.br', 'zRMg27Sj#Q', 'luiz gustavo2253', 13, 4, 1, 6, 1, 186),
('Vicente', 'Almeida', '2003-12-12', '41823906796', 'ipires@hotmail.com', 'IhD^8XgEcj', 'vicente8543', 4, 9, 9, 9, 9, 83),
('Luana', 'Lopes', '1984-07-31', '85617324900', 'almeidaryan@bol.com.br', '$xFyf_4e@2', 'luana3234', 4, 10, 10, 7, 10, 176),
('Theo', 'Freitas', '1983-09-23', '97402381650', 'joao-miguelfarias@da.org', '4+3rQls%4E', 'theo8771', 27, 4, 2, 7, 13, 187),
('Luiz Gustavo', 'Novaes', '2001-08-07', '74215360943', 'wcunha@gmail.com', 'Q!0PyRIQ)l', 'luiz gustavo9253', 4, 10, 8, 10, 4, 19);