-- ESTADO
insert into estado (nome, sigla) values ('Acre', 'AC'),
										('Alagoas', 'AL'),
										('Amapá', 'AP'),
										('Amazonas', 'AM'),
										('Bahia', 'BA'),
										('Ceará', 'CE'),
										('Distrito Federal', 'DF'),
										('Espírito Santo', 'ES'),
										('Goiás', 'GO'),
										('Maranhão', 'MA'),
										('Mato Grosso', 'MT'),
										('Mato Grosso do Sul', 'MS'),
										('Minas Gerais', 'MG'),
										('Pará', 'PA'),
										('Paraíba', 'PB'),
										('Paraná', 'PR'),
										('Pernambuco', 'PE'),
										('Piauí', 'PI'),
										('Rio de Janeiro', 'RJ'),
										('Rio Grande do Norte', 'RN'),
										('Rio Grande do Sul', 'RS'),
										('Rondônia', 'RO'),
										('Roraima', 'RR'),
										('Santa Catarina', 'SC'),
										('São Paulo', 'SP'),
										('Sergipe', 'SE'),
										('Tocantins', 'TO');

-- SIGNO
insert into signo (nome_signo) values ('Áries'),
									  ('Touro'),
									  ('Gêmeos'),
									  ('Câncer'),
									  ('Leão'),
									  ('Virgem'),
									  ('Libra'),
									  ('Escorpião'),
									  ('Sagitário'),
									  ('Capricórnio'),
									  ('Aquário'),
									  ('Peixes');

-- ERA
insert into era (nome_era) values ('Taylor Swift'),
								  ('Fearless'),
								  ('Speak Now'),
								  ('Red'),
								  ('1989'),
								  ('reputation'),
								  ('Lover'),
								  ('folklore'),
								  ('evermore'),
								  ('Midnights'),
								  ('The Tortured Poets Department');

-- ALBUM
insert into album (nome_album) values ('Taylor Swift'),
									  ('Fearless'),
									  ('Speak Now'),
									  ('Red'),
									  ('1989'),
									  ('reputation'),
									  ('Lover'),
									  ('folklore'),
									  ('evermore'),
									  ('Midnights'),
									  ('The Tortured Poets Department');

-- AVATAR
insert into avatar (nome_avatar) values ('Meredith Grey'),
									 ('Olivia Benson'),
									 ('Benjamin Button'),
									 ('Travis Kelce'),
									 ('Andrea Swift'),
									 ('Scott Kingsley Swift'),
									 ('Austin Swift'),
									 ('Selena Gomez'),
									 ('Jack Antonoff'),
									 ('Aaron Dessner'),
									 ('Corcunda'),
									 ('Cobra'),
									 ('Becky');

-- MUSICA
INSERT INTO musica (nome, duracao_musica) VALUES('Tim McGraw', 3.54),
												('Picture to Burn', 2.97),
												('Teardrops on My Guitar', 3.55),
												('A Place in This World', 3.32),
												('Cold as You', 4.01),
												('The Outside', 3.30),
												('Tied Together with a Smile', 4.11),
												('Stay Beautiful', 3.98),
												('Should\'ve Said No', 4.07),
												('Mary\'s Song (Oh My My My)', 3.60),
												('Our Song', 3.33),
												('I\'m Only Me When I\'m With You', 3.35),
												('Invisible', 3.10),
												('A Perfectly Good Heart', 3.42),
												('Teardrops on My Guitar (Pop Version)', 2.58),
												('Fearless (Taylor\'s Version)', 4.01),
												('Fifteen (Taylor\'s Version)', 4.54),
												('Love Story (Taylor\'s Version)', 3.55),
												('Hey Stephen (Taylor\'s Version)', 4.14),
												('White Horse (Taylor\'s Version)', 3.54),
												('You Belong With Me (Taylor\'s Version)', 3.51),
												('Breathe (feat. Colbie Caillat) (Taylor\'s Version)', 4.23),
												('Tell Me Why (Taylor\'s Version)', 3.20),
												('You\'re Not Sorry (Taylor\'s Version)', 4.21),
												('The Way I Loved You (Taylor\'s Version)', 4.04),
												('Forever & Always (Taylor\'s Version)', 3.45),
												('The Best Day (Taylor\'s Version)', 4.05),
												('Change (Taylor\'s Version)', 4.40),
												('Jump Then Fall (Taylor\'s Version) (From The Vault)', 3.56),
												('Untouchable (Taylor\'s Version) (From The Vault)', 5.29),
												('Forever & Always (Piano Version) (Taylor\'s Version) (From The Vault)', 4.27),
												('Come in with the Rain (Taylor\'s Version) (From The Vault)', 3.58),
												('Superstar (Taylor\'s Version) (From The Vault)', 4.21),
												('The Other Side of the Door (Taylor\'s Version) (From The Vault)', 3.97),
												('Mine (Taylor\'s Version)', 3.55),
												('Sparks Fly (Taylor\'s Version)', 4.22),
												('Back to December (Taylor\'s Version)', 4.55),
												('Speak Now (Taylor\'s Version)', 4.02),
												('Dear John (Taylor\'s Version)', 6.43),
												('Mean (Taylor\'s Version)', 3.57),
												('The Story of Us (Taylor\'s Version)', 4.27),
												('Never Grow Up (Taylor\'s Version)', 4.52),
												('Enchanted (Taylor\'s Version)', 5.52),
												('Better Than Revenge (Taylor\'s Version)', 3.40),
												('Innocent (Taylor\'s Version)', 5.02),
												('Haunted (Taylor\'s Version)', 4.02),
												('Last Kiss (Taylor\'s Version)', 6.07),
												('Long Live (Taylor\'s Version)', 5.17),
												('Ours (Taylor\'s Version) (From The Vault)', 3.55),
												('If This Was a Movie (Taylor\'s Version) (From The Vault)', 3.54),
												('Superman (Taylor\'s Version) (From The Vault)', 4.36),
												('Electric Touch (feat. Fall Out Boy) (Taylor\'s Version) (From The Vault)', 4.26),
												('When Emma Falls in Love (Taylor\'s Version) (From The Vault)', 4.12),
												('I Can See You (Taylor\'s Version) (From The Vault)', 4.33),
												('Castles Crumbling (feat. Hayley Williams) (Taylor\'s Version) (From The Vault)', 5.06),
												('Foolish One (Taylor\'s Version) (From The Vault)', 5.11),
												('Timeless (Taylor\'s Version) (From The Vault)', 5.21),
												('State of Grace (Taylor\'s Version)', 4.55),
												('Red (Taylor\'s Version)', 3.43),
												('Treacherous (Taylor\'s Version)', 4.02),
												('I Knew You Were Trouble. (Taylor\'s Version)', 3.39),
												('All Too Well (Taylor\'s Version)', 5.29),
												('22 (Taylor\'s Version)', 3.52),
												('I Almost Do (Taylor\'s Version)', 4.04),
												('We Are Never Ever Getting Back Together (Taylor\'s Version)', 3.13),
												('Stay Stay Stay (Taylor\'s Version)', 3.25),
												('The Last Time (feat. Gary Lightbody) (Taylor\'s Version)', 4.59),
												('Holy Ground (Taylor\'s Version)', 3.22),
												('Sad Beautiful Tragic (Taylor\'s Version)', 4.44),
												('The Lucky One (Taylor\'s Version)', 4.00),
												('Everything Has Changed (feat. Ed Sheeran) (Taylor\'s Version)', 4.05),
												('Starlight (Taylor\'s Version)', 3.40),
												('Begin Again (Taylor\'s Version)', 3.57),
												('The Moment I Knew (Taylor\'s Version) (From The Vault)', 4.46),
												('Come Back... Be Here (Taylor\'s Version) (From The Vault)', 3.43),
												('Girl at Home (Taylor\'s Version) (From The Vault)', 3.40),
												('State of Grace (Acoustic Version) (Taylor\'s Version) (From The Vault)', 5.22),
												('Ronan (Taylor\'s Version) (From The Vault)', 4.24),
												('Better Man (Taylor\'s Version) (From The Vault)', 4.57),
												('Nothing New (feat. Phoebe Bridgers) (Taylor\'s Version) (From The Vault)', 4.18),
												('Babe (Taylor\'s Version) (From The Vault)', 3.44),
												('Message In A Bottle (Taylor\'s Version) (From The Vault)', 3.45),
												('I Bet You Think About Me (feat. Chris Stapleton) (Taylor\'s Version) (From The Vault)', 4.45),
												('Forever Winter (Taylor\'s Version) (From The Vault)', 3.48),
												('Run (feat. Ed Sheeran) (Taylor\'s Version) (From The Vault)', 4.00),
												('The Very First Night (Taylor\'s Version) (From The Vault)', 3.20),
												('All Too Well (10 Minute Version) (Taylor\'s Version) (From The Vault)', 10.13),
												('Sweeter Than Fiction (Taylor\'s Version)', 3.54),
												('Welcome to New York', 3.32),
												('Blank Space', 3.51),
												('Style', 3.51),
												('Out of the Woods', 3.55),
												('All You Had To Do Was Stay', 3.13),
												('Shake It Off', 3.39),
												('I Wish You Would', 3.27),
												('Bad Blood', 3.31),
												('Wildest Dreams', 3.40),
												('How You Get the Girl', 4.07),
												('This Love', 4.10),
												('I Know Places', 3.15),
												('Clean', 4.31),
												('Wonderland', 4.05),
												('You Are In Love', 4.27),
												('New Romantics', 3.50),
												('Ready For It?', 3.28),
												('End Game (feat. Ed Sheeran & Future)', 4.04),
												('I Did Something Bad', 3.58),
												('Don’t Blame Me', 3.56),
												('Delicate', 3.52),
												('Look What You Made Me Do', 3.31),
												('So It Goes...', 3.47),
												('Gorgeous', 3.29),
												('Getaway Car', 3.53),
												('King of My Heart', 3.34),
												('Dancing With Our Hands Tied', 3.17),
												('Dress', 3.50),
												('This Is Why We Can\'t Have Nice Things', 3.27),
												('Call It What You Want', 3.23),
												('New Year\'s Day', 3.55),
												('I Forgot That You Existed', 2.51),
												('Cruel Summer', 3.33),
												('Lover', 3.41),
												('The Man', 3.10),
												('The Archer', 3.31),
												('I Think He Knows', 2.53),
												('Miss Americana & The Heartbreak Prince', 3.54),
												('Paper Rings', 3.42),
												('Cornelia Street', 4.47),
												('Death By A Thousand Cuts', 3.59),
												('London Boy', 3.10),
												('Soon You\'ll Get Better (feat. The Chicks)', 3.22),
												('False God', 3.20),
												('You Need To Calm Down', 2.51),
												('Afterglow', 3.43),
												('Me! (feat. Brendon Urie of Panic! At The Disco)', 3.13),
												('It\'s Nice To Have A Friend', 2.30),
												('Daylight', 4.53),
												('The Lakes (Bonus Track)', 3.31),
												('Cardigan', 3.59),
												('The 1', 3.30),
												('Exile (feat. Bon Iver)', 4.57),
												('My Tears Ricochet', 4.15),
												('Mirrorball', 3.29),
												('Seven', 3.29),
												('August', 4.34),
												('This Is Me Trying', 3.15),
												('Illicit Affairs', 3.10),
												('Invisible String', 4.12),
												('Mad Woman', 3.57),
												('Epiphany', 4.49),
												('Betty', 4.54),
												('Peace', 3.54),
												('Hoax', 3.40),
												('Willow', 3.34),
												('Champagne Problems', 4.04),
												('Gold Rush', 2.35),
												('\'Tis The Damn Season', 3.49),
												('Tolerate It', 4.05),
												('No Body, No Crime (feat. Haim)', 3.35),
												('Happiness', 5.15),
												('Dorothea', 3.45),
												('Coney Island (feat. The National)', 4.35),
												('Ivy', 4.02),
												('Cowboy Like Me', 4.35),
												('Long Story Short', 3.35),
												('Marjorie', 4.17),
												('Closure', 3.00),
												('Evermore (feat. Bon Iver)', 5.04),
												('Right Where You Left Me (From The Vault)', 4.07),
												('It\'s Time To Go (From The Vault)', 5.15),
												('Midnights', 3.14),
												('Lavender Haze', 3.22),
												('Maroon', 3.38),
												('Anti-Hero', 3.20),
												('Snow On The Beach (feat. Lana Del Rey)', 4.16),
												('Midnight Rain', 2.54),
												('Question...?', 3.28),
												('Vigilante Shit', 2.44),
												('Bejeweled', 3.14),
												('Karma', 3.24),
												('Sweet Nothing', 3.08),
												('Mastermind', 3.11),
												('The Great War (3am Edition)', 4.00),
												('Bigger Than The Whole Sky (3am Edition)', 3.38),
												('Paris (3am Edition)', 3.16),
												('High Infidelity (3am Edition)', 3.55),
												('Glitch (3am Edition)', 2.28),
												('Would\'ve, Could\'ve, Should\'ve (3am Edition)', 4.20),
												('Dear Reader (3am Edition)', 3.45),
												('Hits Different (Bonus Track)', 3.54),
												('You\'re On Your Own, Kid', 3.14),
												('Carolina', 4.24),
												('Anti-Hero (feat. Bleachers Remix)', 3.48),
												('Snow On The Beach (feat. More Lana Del Rey)', 4.16),
												('Karma (feat. Ice Spice)', 3.24),
												('Slut! (From The Vault)', 3.00),
												('Say Don\'t Go (From The Vault)', 4.39),
												('Is It Over Now? (From The Vault)', 3.49),
												('Now That We Don\'t Talk (From The Vault)', 2.26);
select * from usuario;
insert into usuario (primeiro_nome, sobrenome, dtNascimento, cpf, email, senha, nickname, fkEstado, fkSigno, fkEraFavorita, fkAlbumFavorito) values ('Gabriel', 'Castilho', '2004-05-20', 52437201866, 'gabrielcastilho08@gmail.com', 'badliar2004', 'ts1fan', 1, 2, 6, 3);

-- USUARIO
insert into usuario (primeiro_nome, sobrenome, dtNascimento, cpf, email, senha, nickname, fkEstado, fkSigno, fkEraFavorita, fkAlbumFavorito) values ('Gabriel', 'Castilho', '2004-05-20', 52437201866, 'gabrielcastilho08@gmail.com', 'badliar2004', 'ts1fan', 1, 2, 6, 3),
																																					  ('Joaquim', 'Souza', '2007-01-06', 03629758410, 'ycavalcanti@gmail.com', 'xuFEq4Vj$*', 'vmartins', 11, 12, 11, 1),
																																					  ('Francisco', 'Mendes', '1989-07-28', 84127935600, 'lavinia62@lopes.com', 'Y&9Tu(jPDJ', 'pietrogoncalves', 27, 4, 5, 6),
																																					  ('Thiago', 'Castro', '2000-11-14', 97863214050, 'carlos-eduardo27@uol.com.br', 'bZ*uFyAt)6', 'jda-costa', 18, 2, 1, 7),
																																					  ('Pietro', 'Fogaça', '1984-08-12', 94156083748, 'bpinto@ig.com.br', 's1tpPpw)&r', 'da-cunhaolivia', 19, 3, 5, 8),
																																					  ('Juliana', 'Lima', '1994-06-08', 53710294860, 'bernardo11@uol.com.br', 'ICfB4Kgd_#', 'oda-mota', 16, 2, 2, 2),
																																					  ('Ryan', 'Martins', '2002-06-04', 58219637021, 'juan64@hotmail.com', '#O8(A)AmfP', 'ogoncalves', 27, 7, 1, 4),
																																					  ('Enzo', 'Vieira', '1990-08-11', 53746819075, 'mfernandes@gmail.com', 'A@5Ol&O@Va', 'rafaeldias', 20, 2, 6, 3),
																																					  ('Fernanda', 'Gomes', '1993-09-22', 47903615872, 'ana-freitas@hotmail.com', 'B9(ER4#mZ1', 'rodrigues.camila', 25, 6, 3, 10),
																																					  ('Isabela', 'Silva', '1998-12-10', 28934759168, 'lima.amanda@terra.com.br', '!YdL$#78', 'sofiadias', 17, 11, 7, 9),
																																					  ('Leonardo', 'Oliveira', '1991-03-30', 59384761230, 'davi.cardoso@gmail.com', 'Senha123*', 'enzo.machado', 9, 1, 4, 2),
																																					  ('Manuela', 'Correia', '1987-05-17', 43905718274, 'manu.correia@yahoo.com', '@ml8Plop0', 'manuc', 14, 5, 8, 1),
																																					  ('Luan', 'Nascimento', '2001-07-25', 32476812908, 'luan.nasc@hotmail.com', 'xUp92#kk', 'lnascimento', 2, 7, 6, 6),
																																					  ('Camila', 'Ramos', '1995-10-02', 83274561892, 'camiramos@globo.com', 'fG!3Oplm$', 'cramos', 7, 9, 10, 5),
																																					  ('Diego', 'Almeida', '1988-11-09', 57203498123, 'dalmeida@gmail.com', 'Hg*o7oo2', 'digogato', 23, 8, 4, 11),
																																					  ('Bruna', 'Costa', '1999-01-12', 60827419631, 'bruna.costa@uol.com.br', 'senhaSegura@', 'brubru', 1, 1, 3, 8),
																																					  ('Matheus', 'Rocha', '2003-04-15', 42718934028, 'matheus.rocha@hotmail.com', 'R4lG@xv!', 'matt', 4, 10, 2, 7),
																																					  ('Lívia', 'Carvalho', '1996-02-22', 61820496752, 'liv_carvalho@gmail.com', '2F@mdk82!', 'livy', 5, 3, 9, 3),
																																					  ('Bruno', 'Freitas', '1992-03-05', 72849031567, 'bfreitas@bol.com.br', 'BB@a2df$', 'bf', 6, 11, 2, 2),
																																					  ('Gabriela', 'Pereira', '1986-06-29', 91560283740, 'gabi@p.com', 'Gp@12345', 'gabizinha', 8, 12, 10, 9),
																																					  ('Carlos', 'Henrique', '1997-08-18', 87234059127, 'charles.h@outlook.com', 'CH@pass3', 'ch', 3, 4, 5, 4),
																																					  ('Renata', 'Dias', '2000-12-24', 10239476548, 'renata.dias@gmail.com', 'Re@dia4', 'reny', 13, 5, 1, 1),
																																					  ('Eduardo', 'Ferreira', '1993-09-30', 21394857602, 'edu.ferreira@yahoo.com', 'Ed@2020$', 'duduf', 12, 9, 7, 10),
																																					  ('Luiza', 'Monteiro', '1995-01-27', 37485910362, 'luiza.mont@globo.com', 'Lu#mt98!', 'lu', 10, 2, 8, 2),
																																					  ('Arthur', 'Melo', '1990-05-21', 65730298412, 'arthur.melo@uol.com', 'ArMelo@2021', 'arth', 15, 6, 6, 5),
																																					  ('Helena', 'Nogueira', '1998-03-19', 73284961045, 'helena.nog@gmail.com', 'HelN@123', 'helen', 21, 7, 3, 6),
																																					  ('Sofia', 'Machado', '2004-07-03', 19823746509, 'sof.machado@ig.com.br', 'Sf@mach44', 'sofi', 26, 4, 2, 11),
																																					  ('Miguel', 'Teixeira', '1999-10-16', 84392018576, 'mig.teixeira@outlook.com', 'MgT#zxc1', 'mig', 27, 8, 5, 3),
																																					  ('Larissa', 'Barros', '1994-11-11', 37492018763, 'larissa_b@hotmail.com', 'Lb@11!!', 'lari', 24, 3, 9, 7),
																																					  ('Lucas', 'Alves', '1992-09-05', 92038476028, 'lucasalves@gmail.com', 'Luc@lzxc1', 'lucalv', 22, 10, 7, 8),
																																					  ('Marina', 'Pinto', '1996-12-13', 67301928467, 'marina.p@uol.com', 'Mar@pint!', 'mari', 27, 11, 11, 10),
																																					  ('Amanda', 'Vieira', '1997-10-14', 12345678901, 'amanda.vieira@email.com', 'Am@2022$', 'amandav', 1, 5, 3, 8),
																																					  ('Caio', 'Fernandes', '1988-02-05', 98765432109, 'caiof88@gmail.com', 'Ca!o1988', 'cf88', 2, 1, 11, 4),
																																					  ('Beatriz', 'Souza', '2000-07-23', 10293847561, 'bia.souza@hotmail.com', 'Bia@July23', 'bihsouza', 3, 7, 5, 6),
																																					  ('Lucas', 'Mendes', '1995-09-30', 38475619283, 'lucasm@gmail.com', 'L#uM95', 'lukem', 4, 9, 2, 1),
																																					  ('Juliana', 'Campos', '1992-03-19', 56789012345, 'jcampos@gmail.com', 'Ju!12345', 'julisc', 5, 3, 4, 9),
																																					  ('Pedro', 'Nascimento', '1990-11-11', 74839201938, 'pedro.nasc@yahoo.com', 'Pn#90!', 'pedrin', 6, 11, 7, 2),
																																					  ('Tatiane', 'Oliveira', '1999-05-27', 90817263549, 'tatiane.o@terra.com.br', 'Tat#1999', 'tatoolive', 7, 6, 1, 10),
																																					  ('Rafael', 'Correia', '1994-12-03', 91827364501, 'rafaelcorreia@uol.com', 'Ra@cor123', 'rafcor', 8, 4, 8, 11),
																																					  ('Larissa', 'Barros', '1998-06-08', 70819283746, 'laribarros@gmail.com', 'La#June98', 'lari.b', 9, 2, 6, 5),
																																					  ('Gabriel', 'Martins', '2001-04-15', 61928374655, 'gmartins@outlook.com', 'GabMart@04', 'gm', 10, 12, 10, 3),
																																					  ('Daniela', 'Silveira', '1986-01-29', 52738492018, 'danisilveira@hotmail.com', 'Dan@1986', 'danis', 11, 8, 9, 6),
																																					  ('Felipe', 'Ramos', '1993-03-04', 40293847561, 'feliperamos@gmail.com', 'Fel!ram3', 'f.ramos', 12, 10, 2, 7),
																																					  ('Camila', 'Gomes', '1996-07-11', 89374618273, 'camilagomes@ig.com', 'CamG@96', 'cammy', 13, 1, 11, 11),
																																					  ('Rodrigo', 'Costa', '1991-08-19', 39183746502, 'rodrigo.costa@gmail.com', 'RodC@1991', 'rodc', 14, 7, 6, 4),
																																					  ('Letícia', 'Moura', '1989-05-05', 71628394012, 'letimoura@gmail.com', 'Let@89!', 'lemoura', 15, 6, 11, 9),
																																					  ('Henrique', 'Pereira', '1997-02-22', 98374615293, 'henrique.p@live.com', 'HenP@22', 'hper', 16, 3, 7, 1),
																																					  ('Vanessa', 'Alves', '2002-09-09', 65738291027, 'vanessa.alves@gmail.com', 'Van@2002', 'valves', 17, 5, 9, 8),
																																					  ('Vinícius', 'Lima', '1995-06-14', 20394857639, 'vinilima@globo.com', 'Vi@95#', 'vnlima', 18, 12, 5, 10),
																																					  ('Carla', 'Machado', '1990-10-25', 72836491203, 'carla.machado@bol.com.br', 'CarM@1990', 'carmach', 19, 9, 1, 2),
																																					  ('Otávio', 'Teixeira', '1987-01-07', 87236401928, 'otavio.tex@hotmail.com', 'Ota#Tex87', 'otavinhot', 20, 8, 4, 11),
																																					  ('Isabel', 'Rocha', '1999-12-01', 62837491027, 'isabel.rocha@terra.com.br', 'IsaRo@99', 'isabella', 21, 11, 6, 3),
																																					  ('Bruno', 'Farias', '2000-03-13', 38274618290, 'brunof@gmail.com', 'BrF@2000', 'bfari', 22, 4, 10, 7),
																																					  ('Paula', 'Novaes', '1988-04-20', 73829103475, 'paulanovaes@yahoo.com', 'P@ulNova88', 'paulan', 23, 2, 8, 11),
																																					  ('Eduarda', 'Cavalcante', '1993-08-26', 59283746519, 'edu.cav@gmail.com', 'E@Cava93', 'dudac', 24, 10, 3, 5),
																																					  ('Fábio', 'Barbosa', '1985-06-17', 31827364592, 'fabio.barbosa@hotmail.com', 'Fab@1985', 'fbarbs', 25, 6, 11, 6),
																																					  ('Patrícia', 'Lopes', '2003-11-29', 74819283745, 'patlopes@uol.com.br', 'Pat@03!29', 'patyl', 26, 7, 5, 2),
																																					  ('Marcelo', 'Santana', '1992-01-03', 10293846572, 'msantana@gmail.com', 'Marc@92', 'marcelos', 27, 5, 10, 8),
																																					  ('Renan', 'Araújo', '1998-10-09', 27364591820, 'renan.araujo@globo.com', 'Re@1998!', 'renao', 1, 3, 1, 9),
																																					  ('Natalia', 'Freire', '1996-12-18', 38475620193, 'nataliaf@gmail.com', 'Naty@96', 'nfreire', 2, 1, 2, 10),
																																					  ('Ana', 'Silva', '2001-08-10', 12345678901, 'ana.silva@email.com', 'senhaana123', 'anas', 5, 7, 2, 8),
																																					  ('Pedro', 'Souza', '1999-11-25', 98765432109, 'pedro.souza@email.com', 'pedrinho99', 'pedros', 12, 1, 9, 1),
																																					  ('Laura', 'Santos', '2003-03-01', 11223344556, 'laura.santos@email.com', 'laurinha03', 'lau', 18, 4, 5, 11),
																																					  ('Lucas', 'Oliveira', '2000-07-15', 55443322110, 'lucas.oliveira@email.com', 'lucas_o', 'lucas_o', 23, 10, 1, 4),
																																					  ('Sofia', 'Costa', '2002-09-30', 66778899001, 'sofia.costa@email.com', 'sofiac', 'sofiaa', 2, 12, 8, 6),
																																					  ('Mateus', 'Ferreira', '1998-04-05', 22334455667, 'mateus.ferreira@email.com', 'mateusf', 'mat', 7, 3, 11, 2),
																																					  ('Isabela', 'Pereira', '2004-12-20', 88990011223, 'isabela.pereira@email.com', 'isabelap', 'isa', 14, 6, 3, 9),
																																					  ('Thiago', 'Rodrigues', '2001-01-28', 33445566778, 'thiago.rodrigues@email.com', 'thiagor', 'thi', 19, 9, 7, 5),
																																					  ('Mariana', 'Alves', '1997-05-10', 77889900112, 'mariana.alves@email.com', 'marianaa', 'mariii', 25, 2, 4, 10),
																																					  ('Bruno', 'Martins', '2003-11-15', 44556677889, 'bruno.martins@email.com', 'brunom', 'bru', 1, 5, 10, 7),
																																					  ('Amanda', 'Gomes', '2000-03-22', 99001122334, 'amanda.gomes@email.com', 'amandag', 'ama', 6, 8, 1, 3),
																																					  ('Rafael', 'Carvalho', '2002-07-01', 11223344550, 'rafael.carvalho@email.com', 'rafaelc', 'rafa', 11, 11, 9, 1),
																																					  ('Juliana', 'Ribeiro', '1998-09-18', 55667788991, 'juliana.ribeiro@email.com', 'julianar', 'juli', 17, 1, 6, 11),
																																					  ('Vinicius', 'Barbosa', '2004-01-05', 22334455662, 'vinicius.barbosa@email.com', 'viniciusb', 'vini', 22, 4, 3, 2),
																																					  ('Camila', 'Castro', '2001-05-20', 77889900113, 'camila.castro@email.com', 'camilac', 'cami', 27, 7, 10, 9),
																																					  ('Gustavo', 'Dias', '1999-12-30', 33445566774, 'gustavo.dias@email.com', 'gustavod', 'guga', 3, 10, 1, 5),
																																					  ('Beatriz', 'Fernandes', '2003-04-12', 88990011225, 'beatriz.fernandes@email.com', 'beatrizf', 'bia', 8, 12, 8, 7),
																																					  ('Leonardo', 'Lima', '2000-08-25', 44556677886, 'leonardo.lima@email.com', 'leonardol', 'leo', 15, 2, 5, 1),
																																					  ('Fernanda', 'Melo', '2002-11-01', 99001122337, 'fernanda.melo@email.com', 'fernandam', 'fer', 20, 6, 11, 4),
																																					  ('Daniel', 'Nunes', '1998-02-14', 11223344558, 'daniel.nunes@email.com', 'danieln', 'dani', 26, 9, 2, 10),
																																					  ('Patrícia', 'Pinto', '2004-06-08', 55667788999, 'patricia.pinto@email.com', 'patriciap', 'pati', 4, 1, 9, 6),
																																					  ('Rodrigo', 'Correia', '2001-09-22', 22334455660, 'rodrigo.correia@email.com', 'rodrigoc', 'rodrigo', 9, 4, 3, 11),
																																					  ('Natália', 'Vieira', '1997-07-01', 77889900111, 'natalia.vieira@email.com', 'nataliav', 'nati', 16, 7, 10, 2),
																																					  ('Marcelo', 'Sousa', '2003-01-18', 33445566772, 'marcelo.sousa@email.com', 'marcelos', 'marcelo', 21, 10, 1, 8),
																																					  ('Carolina', 'Teixeira', '2000-04-25', 88990011223, 'carolina.teixeira@email.com', 'carolinat', 'carol', 27, 12, 8, 5),
																																					  ('Eduardo', 'Sales', '2002-08-12', 44556677884, 'eduardo.sales@email.com', 'eduardos', 'edu', 1, 3, 5, 9),
																																					  ('Aline', 'Rocha', '1998-11-05', 99001122335, 'aline.rocha@email.com', 'aliner', 'aline', 6, 6, 11, 7),
																																					  ('Ricardo', 'Moraes', '2004-03-10', 11223344556, 'ricardo.moraes@email.com', 'ricardom', 'rica', 13, 9, 2, 1),
																																					  ('Letícia', 'Cavalcanti', '2001-06-22', 55667788997, 'leticia.cavalcanti@email.com', 'leticiac', 'le', 18, 2, 9, 4),
																																					  ('Sérgio', 'Peixoto', '1999-09-01', 22334455668, 'sergio.peixoto@email.com', 'sergiop', 'sergio', 24, 5, 3, 10),
																																					  ('Raquel', 'Bueno', '2003-02-15', 77889900119, 'raquel.bueno@email.com', 'raquelb', 'raquel', 2, 8, 7, 6),
																																					  ('Felipe', 'Domingues', '2000-07-28', 33445566770, 'felipe.domingues@email.com', 'feliped', 'felipe', 7, 11, 4, 11),
																																					  ('Cláudia', 'Nascimento', '2002-12-01', 88990011221, 'claudia.nascimento@email.com', 'claudian', 'clau', 14, 1, 10, 2),
																																					  ('Vinícius', 'Lopes', '1998-05-05', 44556677882, 'vinicius.lopes@email.com', 'viniciusl', 'vini_l', 19, 4, 1, 8),
																																					  ('Bianca', 'Azevedo', '2004-09-10', 99001122333, 'bianca.azevedo@email.com', 'biancaa', 'bia_a', 25, 7, 8, 5),
																																					  ('Thiago', 'Costa', '2001-01-20', 11223344554, 'thiago.costa2@email.com', 'thiagoc2', 'thiago2', 5, 10, 5, 9),
																																					  ('Juliana', 'Mendes', '1997-11-25', 55667788995, 'juliana.mendes@email.com', 'julianam', 'juli_m', 12, 12, 11, 7),
																																					  ('Marcelo', 'Pereira', '2003-03-01', 22334455666, 'marcelo.pereira@email.com', 'marcelop', 'marcelop', 18, 2, 3, 1),
																																					  ('Sofia', 'Almeida', '2000-07-15', 77889900117, 'sofia.almeida@email.com', 'sofiaa', 'sofi_a', 23, 6, 7, 4),
																																					  ('Lucas', 'Rocha', '2002-09-30', 33445566778, 'lucas.rocha2@email.com', 'lucasr2', 'lucasr', 2, 9, 2, 10),
																																					  ('Isabela', 'Gomes', '1998-04-05', 88990011229, 'isabela.gomes@email.com', 'isabelag', 'isa_g', 7, 1, 9, 3),
                                                                                                                                                      ('Maria', 'Silva', '1990-01-15', 12345678901, 'maria.silva1@gmail.com', 'SenhaForte1!', 'mariasilva1', 1, 7, 5, 8),
																																					('João', 'Santos', '1985-03-22', 98765432109, 'joao.santos2@hotmail.com', 'joaoS2024', 'joaosantos2', 12, 1, 9, 3),
																																					('Ana', 'Oliveira', '1992-07-03', 11223344556, 'ana.oliveira3@yahoo.com', 'AnaOli3#', 'anaoliveira3', 27, 4, 2, 11),
																																					('Pedro', 'Souza', '2000-11-10', 55443322110, 'pedro.souza4@outlook.com', 'PedroSo4$', 'pedrosouza4', 5, 10, 1, 4),
																																					('Carla', 'Lima', '1998-05-28', 66778899001, 'carla.lima5@uol.com.br', 'CarlaL5*', 'carlalima5', 18, 12, 8, 6),
																																					('Lucas', 'Fernandes', '1993-02-14', 22334455667, 'lucas.fernandes6@terra.com.br', 'LucasF6&', 'lucasfernandes6', 23, 3, 11, 2),
																																					('Mariana', 'Pereira', '2004-09-01', 88990011223, 'mariana.pereira7@ig.com.br', 'MariP7%', 'marianapereira7', 2, 6, 3, 9),
																																					('Bruno', 'Almeida', '2001-12-05', 33445566778, 'bruno.almeida8@bol.com.br', 'BrunoA8@', 'brunoalmeida8', 7, 9, 7, 5),
																																					('Juliana', 'Costa', '1997-06-19', 77889900112, 'juliana.costa9@globo.com', 'JuC9!', 'julianacosta9', 14, 2, 4, 10),
																																					('Rafael', 'Rodrigues', '2003-04-25', 44556677889, 'rafael.rodrigues10@gmail.com', 'RafR10#', 'rafaelrodrigues10', 19, 5, 10, 7),
																																					('Laura', 'Martins', '2000-08-08', 99001122334, 'laura.martins11@hotmail.com', 'LauraM11$', 'lauramartins11', 25, 8, 1, 3),
																																					('Daniel', 'Rocha', '1998-10-12', 11223344550, 'daniel.rocha12@yahoo.com', 'DanR12*', 'danielrocha12', 1, 11, 9, 1),
																																					('Sofia', 'Ribeiro', '2004-02-29', 55667788991, 'sofia.ribeiro13@outlook.com', 'SofiaR13&', 'sofiaribeiro13', 6, 1, 6, 11),
																																					('Gabriel', 'Alves', '1995-09-17', 22334455662, 'gabriel.alves14@uol.com.br', 'GabA14%', 'gabrielalves14', 13, 4, 3, 2),
																																					('Lívia', 'Gomes', '2001-07-07', 77889900113, 'livia.gomes15@terra.com.br', 'LiviaG15@', 'liviagomes15', 20, 7, 10, 9),
																																					('Matheus', 'Carvalho', '1999-12-11', 33445566774, 'matheus.carvalho16@ig.com.br', 'MatC16!', 'matheuscarvalho16', 27, 10, 1, 5),
																																					('Beatriz', 'Mendes', '1993-03-03', 88990011225, 'beatriz.mendes17@bol.com.br', 'BeaM17#', 'beatrizmendes17', 3, 12, 8, 7),
																																					('Felipe', 'Pinto', '2002-06-20', 44556677886, 'felipe.pinto18@globo.com', 'FeliP18$', 'felipepinto18', 8, 2, 5, 1),
																																					('Isabela', 'Correia', '1996-01-26', 99001122337, 'isabela.correia19@gmail.com', 'IsaC19*', 'isabelacorreia19', 15, 5, 11, 4),
																																					('Arthur', 'Nascimento', '2000-11-04', 11223344558, 'arthur.nascimento20@hotmail.com', 'ArthN20&', 'arthurnascimento20', 21, 8, 2, 10),
																																					('Manuela', 'Silva', '1988-04-18', 55667788999, 'manuela.silva21@yahoo.com', 'ManuS21%', 'manuelasilva21', 4, 11, 9, 6),
																																					('Guilherme', 'Santos', '1994-07-30', 22334455660, 'guilherme.santos22@outlook.com', 'GuiS22@', 'guilhermesantos22', 9, 1, 3, 11),
																																					('Vitória', 'Oliveira', '2003-09-09', 77889900111, 'vitoria.oliveira23@uol.com.br', 'VitoO23!', 'vitoriaoliveira23', 16, 4, 10, 2),
																																					('Diego', 'Souza', '1991-02-23', 33445566772, 'diego.souza24@terra.com.br', 'DieS24#', 'diegosouza24', 22, 7, 1, 8),
																																					('Larissa', 'Lima', '1997-08-14', 88990011223, 'larissa.lima25@ig.com.br', 'LariL25$', 'larissalima25', 27, 10, 8, 5),
																																					('Thiago', 'Fernandes', '2004-01-01', 44556677884, 'thiago.fernandes26@bol.com.br', 'ThiF26*', 'thiagofernandes26', 1, 12, 5, 9),
																																					('Alice', 'Pereira', '1990-06-06', 99001122335, 'alice.pereira27@globo.com', 'AliP27&', 'alicepereira27', 6, 3, 11, 7),
																																					('Eduardo', 'Almeida', '1996-11-20', 11223344556, 'eduardo.almeida28@gmail.com', 'EduA28%', 'eduardoalmeida28', 13, 6, 2, 1),
																																					('Carolina', 'Costa', '2001-03-10', 55667788997, 'carolina.costa29@hotmail.com', 'CaroC29@', 'carolinacosta29', 18, 9, 9, 4),
																																					('Leonardo', 'Rodrigues', '1999-09-25', 22334455668, 'leonardo.rodrigues30@yahoo.com', 'LeoR30!', 'leonardorodrigues30', 24, 11, 3, 10),
																																					('Gabriela', 'Martins', '1992-05-02', 77889900119, 'gabriela.martins31@outlook.com', 'GabiM31#', 'gabrielamartins31', 2, 2, 7, 6),
																																					('Murilo', 'Rocha', '2003-08-18', 33445566770, 'murilo.rocha32@uol.com.br', 'MuriR32$', 'murilorocha32', 7, 5, 4, 11),
																																					('Sophia', 'Ribeiro', '1990-12-30', 88990011221, 'sophia.ribeiro33@terra.com.br', 'SophR33*', 'sophiaribeiro33', 14, 8, 10, 2),
																																					('Miguel', 'Alves', '1998-04-05', 44556677882, 'miguel.alves34@ig.com.br', 'MigA34&', 'miguelalves34', 19, 11, 1, 8),
																																					('Eloá', 'Gomes', '2004-10-11', 99001122333, 'eloa.gomes35@bol.com.br', 'EloG35%', 'eloagomes35', 25, 1, 8, 5),
																																					('João', 'Carvalho', '2001-01-20', 11223344554, 'joao.carvalho36@globo.com', 'JoaoC36@', 'joaocarvalho36', 5, 4, 5, 9),
																																					('Helena', 'Mendes', '1997-07-07', 55667788995, 'helena.mendes37@gmail.com', 'HelM37!', 'helenamendes37', 12, 7, 11, 7),
																																					('Davi', 'Pinto', '1993-03-01', 22334455666, 'davi.pinto38@hotmail.com', 'DaviP38#', 'davipinto38', 18, 10, 3, 1),
																																					('Luiza', 'Correia', '2000-09-15', 77889900117, 'luiza.correia39@yahoo.com', 'LuiC39$', 'luizacorreia39', 23, 12, 7, 4),
																																					('Enzo', 'Nascimento', '1998-02-14', 33445566778, 'enzo.nascimento40@outlook.com', 'EnzoN40*', 'enzonascimento40', 2, 3, 2, 10),
																																					('Sophia', 'Silva', '2004-06-08', 88990011229, 'sophia.silva41@uol.com.br', 'SophS41&', 'sophiasilva41', 7, 6, 9, 3),
																																					('Arthur', 'Santos', '2001-09-22', 44556677880, 'arthur.santos42@terra.com.br', 'ArtS42%', 'arthursantos42', 14, 9, 11, 11),
																																					('Liz', 'Oliveira', '1997-04-10', 99001122331, 'liz.oliveira43@ig.com.br', 'LizO43@', 'lizoliveira43', 19, 12, 4, 2),
																																					('Lucas', 'Souza', '1993-08-26', 11223344552, 'lucas.souza44@bol.com.br', 'LucS44!', 'lucassouza44', 25, 2, 1, 8),
																																					('Clara', 'Lima', '2000-11-05', 55667788993, 'clara.lima45@globo.com', 'ClaraL45#', 'claralima45', 1, 5, 8, 5),
																																					('Benício', 'Fernandes', '1996-02-15', 22334455664, 'benicio.fernandes46@gmail.com', 'BeniF46$', 'beniciofernandes46', 6, 8, 5, 9),
																																					('Maitê', 'Pereira', '2003-07-28', 77889900115, 'maite.pereira47@hotmail.com', 'MaitP47*', 'maitepereira47', 13, 11, 10, 7),
																																					('Theo', 'Almeida', '1999-01-03', 33445566776, 'theo.almeida48@yahoo.com', 'TheoA48&', 'theoalmeida48', 20, 1, 7, 1),
																																					('Valentina', 'Costa', '1995-05-19', 88990011227, 'valentina.costa49@outlook.com', 'ValeC49%', 'valentinacosta49', 27, 4, 2, 4),
																																					('Isabella', 'Rodrigues', '2002-10-24', 44556677888, 'isabella.rodrigues50@uol.com.br', 'IsaR50@', 'isabellarodrigues50', 3, 7, 9, 10),
																																					('Antônio', 'Martins', '1991-03-08', 99001122339, 'antonio.martins51@terra.com.br', 'AntM51!', 'antoniomartins51', 8, 10, 6, 3),
																																					('Luiz', 'Rocha', '1997-08-12', 11223344550, 'luiz.rocha52@ig.com.br', 'LuizR52#', 'luizrocha52', 15, 12, 1, 6),
																																					('Lara', 'Ribeiro', '2004-04-04', 55667788991, 'lara.ribeiro53@bol.com.br', 'LaraR53$', 'lararibeiro53', 22, 2, 8, 11),
																																					('Gustavo', 'Alves', '1994-09-29', 22334455662, 'gustavo.alves54@globo.com', 'GustA54*', 'gustavoalves54', 1, 5, 5, 7),
																																					('Emanuelly', 'Gomes', '2001-02-09', 77889900113, 'emanuelly.gomes55@gmail.com', 'EmanG55&', 'emanuellygomes55', 6, 8, 11, 1),
																																					('Caio', 'Carvalho', '1998-06-25', 33445566774, 'caio.carvalho56@hotmail.com', 'CaioC56%', 'caiocarvalho56', 13, 11, 3, 4),
																																					('Maria', 'Mendes', '2003-11-13', 88990011225, 'maria.mendes57@yahoo.com', 'MariaM57@', 'mariamendes57', 20, 1, 10, 9),
																																					('João', 'Pinto', '1990-01-28', 44556677886, 'joao.pinto58@outlook.com', 'JoaoP58!', 'joaopinto58', 27, 4, 7, 2),
																																					('Ana', 'Correia', '1996-07-03', 99001122337, 'ana.correia59@uol.com.br', 'AnaC59#', 'anacorreia59', 4, 7, 2, 8),
																																					('Pedro', 'Nascimento', '2002-12-18', 11223344558, 'pedro.nascimento60@terra.com.br', 'PedN60$', 'pedronascimento60', 9, 10, 9, 5),
																																					('Carla', 'Silva', '1991-05-05', 55667788999, 'carla.silva61@ig.com.br', 'CarlaS61*', 'carlasilva61', 16, 12, 6, 11),
																																					('Lucas', 'Santos', '1997-10-14', 22334455660, 'lucas.santos62@bol.com.br', 'LucS62&', 'lucassantos62', 21, 2, 1, 7),
																																					('Mariana', 'Oliveira', '2004-03-22', 77889900111, 'mariana.oliveira63@globo.com', 'MariO63%', 'marianaoliveira63', 27, 5, 8, 1),
																																					('Bruno', 'Souza', '2001-08-01', 33445566772, 'bruno.souza64@gmail.com', 'BruS64@', 'brunosouza64', 3, 8, 4, 10),
																																					('Juliana', 'Lima', '1996-01-11', 88990011223, 'juliana.lima65@hotmail.com', 'JuL65!', 'julianalima65', 8, 11, 11, 3),
																																					('Rafael', 'Fernandes', '1993-06-27', 44556677884, 'rafael.fernandes66@yahoo.com', 'RafF66#', 'rafaelfernandes66', 15, 1, 7, 6),
																																					('Laura', 'Pereira', '2000-11-09', 99001122335, 'laura.pereira67@outlook.com', 'LauP67$', 'laurapereira67', 22, 4, 2, 9),
																																					('Daniel', 'Almeida', '1998-04-16', 11223344556, 'daniel.almeida68@uol.com.br', 'DanA68*', 'danielalmeida68', 1, 7, 9, 5),
																																					('Sofia', 'Costa', '2004-09-02', 55667788997, 'sofia.costa69@terra.com.br', 'SofiC69&', 'sofiacosta69', 6, 10, 6, 11),
																																					('Gabriel', 'Rodrigues', '1995-02-20', 22334455668, 'gabriel.rodrigues70@ig.com.br', 'GabR70%', 'gabrielrodrigues70', 13, 12, 1, 7),
																																					('Lívia', 'Martins', '2001-07-08', 77889900119, 'livia.martins71@bol.com.br', 'LiviaM71@', 'liviamartins71', 20, 3, 8, 1),
																																					('Matheus', 'Rocha', '1999-12-12', 33445566770, 'matheus.rocha72@globo.com', 'MatR72!', 'matheusrocha72', 27, 6, 5, 4),
																																					('Beatriz', 'Ribeiro', '1993-05-04', 88990011221, 'beatriz.ribeiro73@gmail.com', 'BeaR73#', 'beatrizribeiro73', 4, 9, 11, 10),
																																					('Felipe', 'Alves', '2002-10-21', 44556677882, 'felipe.alves74@hotmail.com', 'FeliA74$', 'felipealves74', 11, 11, 3, 3),
																																					('Isabela', 'Gomes', '1996-01-27', 99001122333, 'isabela.gomes75@yahoo.com', 'IsaG75*', 'isabelagomes75', 18, 1, 7, 6),
																																					('Arthur', 'Carvalho', '2000-03-02', 11223344554, 'arthur.carvalho76@outlook.com', 'ArtC76&', 'arthurcarvalho76', 25, 4, 2, 9),
																																					('Manuela', 'Mendes', '1988-08-16', 55667788995, 'manuela.mendes77@uol.com.br', 'ManuM77%', 'manuelamendes77', 2, 7, 9, 5),
																																					('Guilherme', 'Pinto', '1994-11-28', 22334455666, 'guilherme.pinto78@terra.com.br', 'GuiP78@', 'guilhermepinto78', 9, 10, 6, 11),
																																					('Vitória', 'Correia', '2003-04-19', 77889900117, 'vitoria.correia79@ig.com.br', 'VitoC79!', 'vitoriacorreia79', 16, 12, 1, 7),
																																					('Diego', 'Nascimento', '1991-09-06', 33445566778, 'diego.nascimento80@bol.com.br', 'DieN80#', 'diegonascimento80', 23, 2, 8, 1),
																																					('Larissa', 'Silva', '1997-02-13', 88990011229, 'larissa.silva81@globo.com', 'LariS81$', 'larissasilva81', 1, 5, 5, 4),
																																					('Thiago', 'Santos', '2004-07-29', 44556677880, 'thiago.santos82@gmail.com', 'ThiS82*', 'thiagosantos82', 6, 8, 11, 10),
																																					('Alice', 'Oliveira', '1990-12-07', 99001122331, 'alice.oliveira83@hotmail.com', 'AliO83&', 'aliceoliveira83', 13, 11, 3, 3),
																																					('Eduardo', 'Souza', '1996-05-24', 11223344552, 'eduardo.souza84@yahoo.com', 'EduS84%', 'eduardosouza84', 20, 1, 7, 6),
																																					('Carolina', 'Lima', '2001-10-09', 55667788993, 'carolina.lima85@outlook.com', 'CaroL85@', 'carolinalima85', 27, 4, 2, 9),
																																					('Leonardo', 'Fernandes', '1999-03-15', 22334455664, 'leonardo.fernandes86@uol.com.br', 'LeoF86!', 'leonardofernandes86', 4, 7, 9, 5),
																																					('Gabriela', 'Pereira', '1992-08-01', 77889900115, 'gabriela.pereira87@terra.com.br', 'GabiP87#', 'gabrielapereira87', 11, 10, 6, 11),
																																					('Murilo', 'Almeida', '2003-01-20', 33445566776, 'murilo.almeida88@ig.com.br', 'MuriA88$', 'muriloalmeida88', 18, 12, 1, 7),
																																					('Sophia', 'Costa', '1990-06-06', 88990011227, 'sophia.costa89@bol.com.br', 'SophC89*', 'sophiacosta89', 25, 3, 8, 1),
																																					('Miguel', 'Rodrigues', '1998-11-22', 44556677888, 'miguel.rodrigues90@globo.com', 'MigR90&', 'miguelrodrigues90', 2, 6, 5, 4),
																																					('Eloá', 'Martins', '2004-05-18', 99001122339, 'eloa.martins91@gmail.com', 'EloM91%', 'eloamartins91', 7, 9, 11, 10),
																																					('João', 'Rocha', '2001-09-03', 11223344550, 'joao.rocha92@hotmail.com', 'JoaoR92@', 'joaorocha92', 14, 11, 3, 3),
																																					('Helena', 'Ribeiro', '1997-02-17', 55667788991, 'helena.ribeiro93@yahoo.com', 'HelR93!', 'helenaribeiro93', 21, 1, 7, 6),
																																					('Davi', 'Alves', '1993-07-29', 22334455662, 'davi.alves94@outlook.com', 'DaviA94#', 'davialves94', 27, 4, 2, 9),
																																					('Luiza', 'Gomes', '2000-12-14', 77889900113, 'luiza.gomes95@uol.com.br', 'LuiG95$', 'luizagomes95', 3, 7, 9, 5),
																																					('Enzo', 'Carvalho', '1998-05-01', 33445566774, 'enzo.carvalho96@terra.com.br', 'EnzoC96*', 'enzocarvalho96', 10, 10, 6, 11),
																																					('Sophia', 'Mendes', '2004-10-10', 88990011225, 'sophia.mendes97@ig.com.br', 'SophM97&', 'sophiamendes97', 17, 12, 1, 7),
																																					('Arthur', 'Pinto', '2001-03-06', 44556677886, 'arthur.pinto98@bol.com.br', 'ArtP98%', 'arthurpinto98', 24, 3, 8, 1),
																																					('Liz', 'Correia', '1997-08-22', 99001122337, 'liz.correia99@globo.com', 'LizC99@', 'lizcorreia99', 1, 6, 5, 4),
																																					('Lucas', 'Nascimento', '1993-12-30', 11223344558, 'lucas.nascimento100@gmail.com', 'LucN100!', 'lucasnascimento100', 8, 9, 11, 10),
																																					('Clara', 'Silva', '2000-05-16', 55667788999, 'clara.silva101@hotmail.com', 'ClaS101#', 'clarasilva101', 15, 11, 3, 3),
																																					('Benício', 'Santos', '1996-10-02', 22334455660, 'benicio.santos102@yahoo.com', 'BeniS102$', 'beniciosantos102', 22, 1, 7, 6),
																																					('Maitê', 'Oliveira', '2003-03-12', 77889900111, 'maite.oliveira103@outlook.com', 'MaitO103*', 'maiteoliveira103', 27, 4, 2, 9),
																																					('Theo', 'Souza', '1999-07-28', 33445566772, 'theo.souza104@uol.com.br', 'TheoS104&', 'theosouza104', 5, 7, 9, 5),
																																					('Valentina', 'Lima', '1995-12-05', 88990011223, 'valentina.lima105@terra.com.br', 'ValeL105%', 'valentinalima105', 12, 10, 6, 11),
																																					('Isabella', 'Fernandes', '2002-05-21', 44556677884, 'isabella.fernandes106@ig.com.br', 'IsaF106@', 'isabellafernandes106', 19, 12, 1, 7),
																																					('Antônio', 'Pereira', '1991-10-08', 99001122335, 'antonio.pereira107@bol.com.br', 'AntP107!', 'antoniopereira107', 26, 3, 8, 1),
																																					('Luiz', 'Almeida', '1997-03-24', 11223344556, 'luiz.almeida108@globo.com', 'LuizA108#', 'luizalmeida108', 3, 6, 5, 4),
																																					('Lara', 'Costa', '2004-08-01', 55667788997, 'lara.costa109@gmail.com', 'LaraC109$', 'laracosta109', 10, 9, 11, 10),
																																					('Gustavo', 'Rodrigues', '2001-01-18', 22334455668, 'gustavo.rodrigues110@hotmail.com', 'GustR110*', 'gustavorodrigues110', 17, 11, 3, 3),
																																					('Emanuelly', 'Martins', '1997-06-25', 77889900119, 'emanuelly.martins111@yahoo.com', 'EmanM111&', 'emanuellymartins111', 24, 1, 7, 6),
																																					('Caio', 'Rocha', '1993-11-13', 33445566770, 'caio.rocha112@outlook.com', 'CaioR112%', 'caiorocha112', 1, 4, 2, 9),
																																					('Maria', 'Ribeiro', '2000-04-29', 88990011221, 'maria.ribeiro113@uol.com.br', 'MariaR113@', 'mariaribeiro113', 8, 7, 9, 5),
																																					('João', 'Alves', '1998-09-07', 44556677882, 'joao.alves114@terra.com.br', 'JoaoA114!', 'joaoalves114', 15, 10, 6, 11),
																																					('Ana', 'Gomes', '2004-02-23', 99001122333, 'ana.gomes115@ig.com.br', 'AnaG115#', 'anagomes115', 22, 12, 1, 7),
																																					('Pedro', 'Carvalho', '2001-07-16', 11223344554, 'pedro.carvalho116@bol.com.br', 'PedC116$', 'pedrocarvalho116', 27, 3, 8, 1),
																																					('Carla', 'Mendes', '1997-12-01', 55667788995, 'carla.mendes117@globo.com', 'CarM117*', 'carlamendes117', 4, 6, 5, 4),
																																					('Lucas', 'Pinto', '1993-05-17', 22334455666, 'lucas.pinto118@gmail.com', 'LucP118&', 'lucaspinto118', 11, 9, 11, 10),
																																					('Mariana', 'Correia', '2000-10-23', 77889900117, 'mariana.correia119@hotmail.com', 'MariC119%', 'marianacorreia119', 18, 11, 3, 3),
																																					('Bruno', 'Nascimento', '1998-03-09', 33445566778, 'bruno.nascimento120@yahoo.com', 'BruN120@', 'brunonascimento120', 25, 1, 7, 6),
																																					('Juliana', 'Silva', '2004-08-25', 88990011229, 'juliana.silva121@outlook.com', 'JuS121!', 'julianasilva121', 2, 4, 2, 9),
																																					('Rafael', 'Santos', '2001-01-11', 44556677880, 'rafael.santos122@uol.com.br', 'RafS122#', 'rafaelsantos122', 9, 7, 9, 5),
																																					('Laura', 'Oliveira', '1997-06-27', 99001122331, 'laura.oliveira123@terra.com.br', 'LauO123$', 'lauraoliveira123', 16, 10, 6, 11),
																																					('Daniel', 'Souza', '1993-11-15', 11223344552, 'daniel.souza124@ig.com.br', 'DanS124*', 'danielsouza124', 23, 12, 1, 7),
																																					('Sofia', 'Lima', '2000-04-01', 55667788993, 'sofia.lima125@bol.com.br', 'SofiL125&', 'sofialima125', 1, 3, 8, 1),
																																					('Gabriel', 'Fernandes', '1998-09-18', 22334455664, 'gabriel.fernandes126@globo.com', 'GabF126%', 'gabrielfernandes126', 6, 6, 5, 4),
																																					('Lívia', 'Pereira', '2004-02-04', 77889900115, 'livia.pereira127@gmail.com', 'LiviaP127@', 'liviapereira127', 13, 9, 11, 10),
																																					('Matheus', 'Almeida', '2001-07-23', 33445566776, 'matheus.almeida128@hotmail.com', 'MatA128!', 'matheusalmeida128', 20, 11, 3, 3),
																																					('Beatriz', 'Costa', '1997-12-08', 88990011227, 'beatriz.costa129@yahoo.com', 'BeaC129#', 'beatrizcosta129', 27, 1, 7, 6),
																																					('Felipe', 'Rodrigues', '1993-05-24', 44556677888, 'felipe.rodrigues130@outlook.com', 'FeliR130$', 'feliperodrigues130', 4, 4, 2, 9),
																																					('Isabela', 'Martins', '2000-10-10', 99001122339, 'isabela.martins131@uol.com.br', 'IsaM131*', 'isabelamartins131', 11, 7, 9, 5),
																																					('Arthur', 'Rocha', '1998-03-27', 11223344550, 'arthur.rocha132@terra.com.br', 'ArtR132&', 'arthurrocha132', 18, 10, 6, 11),
																																					('Manuela', 'Ribeiro', '2004-08-15', 55667788991, 'manuela.ribeiro133@ig.com.br', 'ManuR133%', 'manuelaribeiro133', 25, 12, 1, 7),
																																					('Guilherme', 'Alves', '2001-01-01', 22334455662, 'guilherme.alves134@bol.com.br', 'GuiA134@', 'guilhermealves134', 2, 3, 8, 1),
																																					('Vitória', 'Gomes', '1997-06-17', 77889900113, 'vitoria.gomes135@globo.com', 'VitoG135!', 'vitoriagomes135', 9, 6, 5, 4),
																																					('Diego', 'Carvalho', '1993-11-03', 33445566774, 'diego.carvalho136@gmail.com', 'DieC136#', 'diegocarvalho136', 16, 9, 11, 10),
																																					('Larissa', 'Mendes', '2000-04-19', 88990011225, 'larissa.mendes137@hotmail.com', 'LariM137$', 'larissamendes137', 23, 11, 3, 3),
																																					('Thiago', 'Pinto', '1998-09-05', 44556677886, 'thiago.pinto138@yahoo.com', 'ThiP138*', 'thiagopinto138', 1, 1, 7, 6),
																																					('Alice', 'Correia', '2004-02-21', 99001122337, 'alice.correia139@outlook.com', 'AliC139&', 'alicecorreia139', 8, 4, 2, 9),
																																					('Eduardo', 'Nascimento', '2001-07-07', 11223344558, 'eduardo.nascimento140@uol.com.br', 'EduN140%', 'eduardonascimento140', 15, 7, 9, 5),
																																					('Carolina', 'Silva', '1997-12-23', 55667788999, 'carolina.silva141@terra.com.br', 'CaroS141@', 'carolinasilva141', 22, 10, 6, 11),
																																					('Leonardo', 'Santos', '1993-05-09', 22334455660, 'leonardo.santos142@ig.com.br', 'LeoS142!', 'leonardosantos142', 27, 12, 1, 7),
																																					('Gabriela', 'Oliveira', '2000-10-25', 77889900111, 'gabriela.oliveira143@bol.com.br', 'GabiO143#', 'gabrielaoliveira143', 3, 3, 8, 1),
																																					('Murilo', 'Souza', '1998-03-11', 33445566772, 'murilo.souza144@globo.com', 'MuriS144$', 'murilosouza144', 10, 6, 5, 4),
																																					('Sophia', 'Lima', '2004-08-27', 88990011223, 'sophia.lima145@gmail.com', 'SophL145*', 'sophialima145', 17, 9, 11, 10),
																																					('Miguel', 'Fernandes', '2001-01-13', 44556677884, 'miguel.fernandes146@hotmail.com', 'MigF146&', 'miguelfernandes146', 24, 11, 3, 3),
																																					('Eloá', 'Pereira', '1997-06-29', 99001122335, 'eloa.pereira147@yahoo.com', 'EloP147%', 'eloapereira147', 1, 1, 7, 6),
																																					('João', 'Almeida', '1993-11-17', 11223344556, 'joao.almeida148@outlook.com', 'JoaoA148@', 'joaoalmeida148', 8, 4, 2, 9),
																																					('Helena', 'Costa', '2000-04-03', 55667788997, 'helena.costa149@uol.com.br', 'HelC149!', 'helenacosta149', 15, 7, 9, 5),
																																					('Davi', 'Rodrigues', '1998-09-20', 22334455668, 'davi.rodrigues150@terra.com.br', 'DaviR150#', 'davidrodrigues150', 22, 10, 6, 11),
																																					('Luiza', 'Martins', '2004-02-06', 77889900119, 'luiza.martins151@ig.com.br', 'LuiM151$', 'luizamartins151', 27, 12, 1, 7),
																																					('Enzo', 'Rocha', '2001-07-25', 33445566770, 'enzo.rocha152@bol.com.br', 'EnzoR152*', 'enzorocha152', 4, 3, 8, 1),
																																					('Sophia', 'Ribeiro', '1997-12-10', 88990011221, 'sophia.ribeiro153@globo.com', 'SophR153&', 'sophiaribeiro153', 11, 6, 5, 4),
																																					('Arthur', 'Alves', '1993-05-26', 44556677882, 'arthur.alves154@gmail.com', 'ArtA154%', 'arthuralves154', 18, 9, 11, 10),
																																					('Liz', 'Gomes', '2000-10-12', 99001122333, 'liz.gomes155@hotmail.com', 'LizG155@', 'lizgomes155', 25, 11, 3, 3),
																																					('Lucas', 'Carvalho', '1998-03-29', 11223344554, 'lucas.carvalho156@yahoo.com', 'LucC156!', 'lucascarvalho156', 2, 1, 7, 6),
																																					('Clara', 'Mendes', '2004-08-17', 55667788995, 'clara.mendes157@outlook.com', 'ClaM157#', 'claramendes157', 9, 4, 2, 9),
																																					('Benício', 'Pinto', '2001-01-03', 22334455666, 'benicio.pinto158@uol.com.br', 'BeniP158$', 'beniciopinto158', 16, 7, 9, 5),
																																					('Maitê', 'Correia', '1997-06-19', 77889900117, 'maite.correia159@terra.com.br', 'MaitC159*', 'maitecorreia159', 23, 10, 6, 11),
																																					('Theo', 'Nascimento', '1993-11-05', 33445566778, 'theo.nascimento160@ig.com.br', 'TheoN160&', 'theonascimento160', 1, 12, 1, 7),
																																					('Valentina', 'Silva', '2000-04-21', 88990011229, 'valentina.silva161@bol.com.br', 'ValeS161%', 'valentinasilva161', 8, 3, 8, 1),
																																					('Isabella', 'Santos', '1998-09-09', 44556677880, 'isabella.santos162@globo.com', 'IsaS162@', 'isabellasantos162', 15, 6, 5, 4),
																																					('Antônio', 'Oliveira', '2004-02-25', 99001122331, 'antonio.oliveira163@gmail.com', 'AntO163!', 'antoniooliveira163', 22, 9, 11, 10),
																																					('Luiz', 'Souza', '2001-07-18', 11223344552, 'luiz.souza164@hotmail.com', 'LuizS164#', 'luizsouza164', 27, 11, 3, 3),
																																					('Lara', 'Lima', '1997-12-03', 55667788993, 'lara.lima165@yahoo.com', 'LaraL165$', 'laralima165', 4, 1, 7, 6),
																																					('Gustavo', 'Fernandes', '1993-05-28', 22334455664, 'gustavo.fernandes166@outlook.com', 'GustF166*', 'gustavofernandes166', 11, 4, 2, 9),
																																					('Emanuelly', 'Pereira', '2000-10-14', 77889900115, 'emanuelly.pereira167@uol.com.br', 'EmanP167&', 'emanuellypereira167', 18, 7, 9, 5),
																																					('Caio', 'Almeida', '1998-03-31', 33445566776, 'caio.almeida168@terra.com.br', 'CaioA168%', 'caioalmeida168', 25, 10, 6, 11),
																																					('Maria', 'Costa', '2004-08-19', 88990011227, 'maria.costa169@ig.com.br', 'MariaC169@', 'mariacosta169', 2, 12, 1, 7),
																																					('João', 'Rodrigues', '2001-01-05', 44556677888, 'joao.rodrigues170@bol.com.br', 'JoaoR170!', 'joaorodrigues170', 9, 3, 8, 1),
																																					('Ana', 'Martins', '1997-06-21', 99001122339, 'ana.martins171@globo.com', 'AnaM171#', 'anamartins171', 16, 6, 5, 4),
																																					('Pedro', 'Rocha', '1993-11-07', 11223344550, 'pedro.rocha172@gmail.com', 'PedR172$', 'pedrorocha172', 23, 9, 11, 10),
																																					('Carla', 'Ribeiro', '2000-04-23', 55667788991, 'carla.ribeiro173@hotmail.com', 'CarR173*', 'carlaribeiro173', 1, 11, 3, 3),
																																					('Lucas', 'Alves', '1998-09-11', 22334455662, 'lucas.alves174@yahoo.com', 'LucA174&', 'lucasalves174', 8, 1, 7, 6),
																																					('Mariana', 'Gomes', '2004-02-27', 77889900113, 'mariana.gomes175@outlook.com', 'MariG175%', 'marianagomes175', 15, 4, 2, 9),
																																					('Bruno', 'Carvalho', '2001-07-20', 33445566774, 'bruno.carvalho176@uol.com.br', 'BruC176@', 'brunocarvalho176', 22, 7, 9, 5),
																																					('Juliana', 'Mendes', '1997-12-05', 88990011225, 'juliana.mendes177@terra.com.br', 'JuM177!', 'julianamendes177', 27, 10, 6, 11),
																																					('Rafael', 'Pinto', '1993-05-30', 44556677886, 'rafael.pinto178@ig.com.br', 'RafP178#', 'rafaelpinto178', 4, 12, 1, 7),
																																					('Laura', 'Correia', '2000-10-16', 99001122337, 'laura.correia179@bol.com.br', 'LauC179$', 'lauracorreia179', 11, 2, 8, 1),
																																					('Daniel', 'Nascimento', '1998-03-02', 11223344558, 'daniel.nascimento180@globo.com', 'DanN180*', 'danielnascimento180', 18, 5, 5, 4),
																																					('Sofia', 'Silva', '2004-08-08', 55667788999, 'sofia.silva181@gmail.com', 'SofiS181&', 'sofiasilva181', 25, 8, 11, 10),
																																					('Gabriel', 'Santos', '2001-01-25', 22334455660, 'gabriel.santos182@hotmail.com', 'GabS182%', 'gabrielsantos182', 2, 11, 3, 3),
																																					('Lívia', 'Oliveira', '1997-06-11', 77889900111, 'livia.oliveira183@yahoo.com', 'LiviaO183@', 'liviaoliveira183', 9, 1, 7, 6),
																																					('Matheus', 'Souza', '1993-11-27', 33445566772, 'matheus.souza184@outlook.com', 'MatS184!', 'matheussouza184', 16, 4, 2, 9),
																																					('Beatriz', 'Lima', '2000-04-13', 88990011223, 'beatriz.lima185@uol.com.br', 'BeaL185#', 'beatrizlima185', 23, 7, 9, 5),
																																					('Felipe', 'Fernandes', '1998-09-29', 44556677884, 'felipe.fernandes186@terra.com.br', 'FeliF186$', 'felipefernandes186', 1, 10, 6, 11),
																																					('Isabela', 'Pereira', '2004-03-07', 99001122335, 'isabela.pereira187@ig.com.br', 'IsaP187*', 'isabelapereira187', 8, 12, 1, 7),
																																					('Arthur', 'Almeida', '2001-08-03', 11223344556, 'arthur.almeida188@bol.com.br', 'ArtA188&', 'arthuralmeida188', 15, 3, 8, 1),
																																					('Manuela', 'Costa', '1997-01-20', 55667788997, 'manuela.costa189@globo.com', 'ManuC189%', 'manuelacosta189', 22, 6, 5, 4),
																																					('Guilherme', 'Rodrigues', '1993-06-05', 22334455668, 'guilherme.rodrigues190@gmail.com', 'GuiR190@', 'guilhermerodrigues190', 27, 9, 11, 10),
																																					('Vitória', 'Martins', '2000-11-21', 77889900119, 'vitoria.martins191@hotmail.com', 'VitoM191!', 'vitoriamartins191', 4, 11, 3, 3),
																																					('Diego', 'Rocha', '1998-04-07', 33445566770, 'diego.rocha192@yahoo.com', 'DieR192#', 'diegorocha192', 11, 1, 7, 6),
																																					('Larissa', 'Ribeiro', '2004-09-03', 88990011221, 'larissa.ribeiro193@outlook.com', 'LariR193$', 'larissaribeiro193', 18, 4, 2, 9),
																																					('Thiago', 'Alves', '2001-02-19', 44556677882, 'thiago.alves194@uol.com.br', 'ThiA194*', 'thiagoalves194', 25, 7, 9, 5),
																																					('Alice', 'Gomes', '1997-07-05', 99001122333, 'alice.gomes195@terra.com.br', 'AliG195&', 'alicegomes195', 2, 10, 6, 11),
																																					('Eduardo', 'Carvalho', '1993-12-10', 11223344554, 'eduardo.carvalho196@ig.com.br', 'EduC196%', 'eduardocarvalho196', 9, 12, 1, 7),
																																					('Carolina', 'Mendes', '2000-05-26', 55667788995, 'carolina.mendes197@bol.com.br', 'CaroM197@', 'carolinamendes197', 16, 3, 8, 1),
																																					('Leonardo', 'Pinto', '1998-10-14', 22334455666, 'leonardo.pinto198@globo.com', 'LeoP198!', 'leonardopinto198', 23, 6, 5, 4),
																																					('Gabriela', 'Correia', '2004-03-01', 77889900117, 'gabriela.correia199@gmail.com', 'GabiC199#', 'gabrielacorreia199', 1, 9, 11, 10),
																																					('Murilo', 'Nascimento', '2001-08-10', 33445566778, 'murilo.nascimento200@hotmail.com', 'MuriN200$', 'murilonascimento200', 8, 11, 3, 3);

                                                                                                                                                    
-- QUIZ
insert into quiz (titulo, nivel_dificuldade, descricao) values ('Conhecimentos Gerais da Loirinha', 1, 'Teste seus conhecimentos gerais sobre a loirinha');

-- PERGUNTA
insert into pergunta (pergunta, nivel_dificuldade, fkQuiz) values ('Qual o nome do documentário de Taylor Swift lançado na Netflix em 2020?',          3, 1),
																  ('Em que ano Taylor Swift lançou seu primeiro álbum?',                                2, 1),
																  ('Qual é o nome da cidade natal de Taylor Swift?',                                   4, 1),
																  ('Qual foi o primeiro álbum de Taylor Swift a ganhar o Grammy de Álbum do Ano?',    2, 1),
																  ('Em qual álbum está a música "All Too Well"?',                                     1, 1),
																  ('Quantos álbuns regravados ("Taylor''s Version") Taylor Swift lançou até 2024?',  3, 1),
																  ('Qual música contém o verso "Darling I''m a nightmare dressed like a daydream"?',  2, 1),
																  ('Qual o nome do álbum lançado por surpresa em julho de 2020?',                     2, 1),
																  ('Qual ator aparece no clipe de "The Man" dirigido por Taylor Swift?',              3, 1),
																  ('Qual é o nome da turnê que celebra todas as eras da carreira de Taylor Swift?',   1, 1);

select titulo as Titulo, descricao as Descricao, nivel_dificuldade as NivelDificuldade from quiz;

-- ATUALIZANDO O QUIZ
update quiz set nivel_dificuldade = round((select avg(nivel_dificuldade) from pergunta where fkQuiz = 1)) where idQuiz = 1;

-- ALTERNATIVA
insert into alternativa (letra, texto, fkPergunta) values
-- P1
 ('A', 'Folklore: The Long Pond Studio Sessions',      1),
 ('B', 'Miss Americana',                               1),
 ('C', 'The Eras Tour',                                1),
 ('D', 'Taylor Swift: Reputation Stadium Tour',        1),
-- P2
 ('A', '2006',                                         2),
 ('B', '2004',                                         2),
 ('C', '2008',                                         2),
 ('D', '2010',                                         2),
-- P3
 ('A', 'Nashville, Tennessee',                         3),
 ('B', 'Austin, Texas',                                3),
 ('C', 'Wyomissing, Pensilvânia',                      3),
 ('D', 'Reading, Pensilvânia',                         3),
-- P4
 ('A', 'Fearless',                                     4),
 ('B', 'Red',                                           4),
 ('C', '1989',                                          4),
 ('D', 'Speak Now',                                    4),
-- P5
 ('A', 'Fearless',                                     5),
 ('B', 'Speak Now',                                    5),
 ('C', 'Red',                                           5),
 ('D', 'Evermore',                                     5),
-- P6
 ('A', '2',                                            6),
 ('B', '3',                                            6),
 ('C', '4',                                            6),
 ('D', '5',                                            6),
-- P7
 ('A', 'Style',                                        7),
 ('B', 'Blank Space',                                  7),
 ('C', 'Wildest Dreams',                               7),
 ('D', 'I Know Places',                                7),
-- P8
 ('A', 'Folklore',                                     8),
 ('B', 'Evermore',                                     8),
 ('C', 'Lover',                                        8),
 ('D', 'Fearless (Taylor''s Version)',                 8),
-- P9
 ('A', 'David Harbour',                                9),
 ('B', 'Idris Elba',                                   9),
 ('C', 'Tom Hiddleston',                               9),
 ('D', 'Aaron Paul',                                   9),
-- P10
 ('A', 'Reputation Stadium Tour',                     10),
 ('B', 'The Eras Tour',                               10),
 ('C', 'Red Tour',                                     10),
 ('D', 'Speak Now World Tour',                        10);

-- DESEMPENHO
insert into desempenho (fkUsuario, fkQuiz, pontuacao) values (1, 1, 0);

-- RESPOSTA
insert into resposta (resposta, correta, fkDesempenho, fkPergunta, fkAlternativa) values ('A', true, 1, 1, 1),
																						 ('B', false, 1, 2, 6),
																						 ('C', true, 1, 3, 11),
																						 ('A', true, 1, 4, 13),
																						 ('A', false, 1, 5, 19),
																						 ('C', true, 1, 6, 22),
																						 ('B', true, 1, 7, 26),
																						 ('A', true, 1, 8, 29),
																						 ('B', false, 1, 9, 34),
																						 ('B', true, 1, 10, 38);

-- ATUALIZANDO O DESEMPENHO
update desempenho set pontuacao = (select count(*) from resposta where correta = true and fkDesempenho = 1) where idDesempenho = 1;

-- ALBUM PERSONALIZADO
insert into album_personalizado (nome, qtd_musica, duracao_album, fkUsuario) values ('The Tortured Gabriel', 1, 4.02, 1);

-- COMPOSIÇÃO
insert into composicao (fkAlbumPersonalizado, fkMusica) values (1, 1);

